"ctry_code";"techn_field_nr";"n_tech_reg"
"KR";8;54086,5287935644
"KR";2;39119,5580044083
"KR";18;10272,1494658122
"KR";33;15471,8440476197
"KR";26;10607,2856920859
"KR";28;6315,01198412681
"KR";6;33726,6829661041
"KR";15;5032,49308061743
"KR";19;7451,74910714251
"KR";35;26860,3972222221
"KR";1;39948,2014700514
"KR";10;12234,7153920164
"KR";3;36916,5112734425
"KR";23;8134,10878408613
"KR";21;5371,72534992773
"IN";21;63,8296176046177
"KR";9;31068,6747077474
"KR";29;13105,8701298708
"KR";34;18205,876984128
"KR";30;14667,2924603186
"KR";32;28213,2218253965
"JP";32;76375,4249670888
"KR";25;9027,70793650797
"KR";16;4790,20329932718
"KR";17;4667,9746572871
"KR";5;3753,40247715249
"KR";4;23468,2278614897
"KR";13;9074,23694083676
"KR";24;10131,7486698217
"KR";20;8225,32602579864
"KR";31;9801,48571428578
"KR";12;6857,28488455984
"KR";22;1749,44543650793
"US";8;21535,7102989575
"KR";14;5669,4140268756
"KR";27;10155,54484127
"KR";7;14959,2805555568
"IN";1;237,80502044252
"KR";11;1214,0544973545
"IN";22;11,3875
"UA";2;35,2535714285714
"RU";2;1053,44646464647
"CN";6;33635,0018899564
"JP";19;25538,7339201455
"CN";29;17810,0004419205
"CA";26;929,123526765634
"CA";9;755,542254967256
"DE";32;27246,9391214567
"US";34;14729,241414142
"US";28;6082,77699034866
"US";29;16126,6830159859
"US";35;18545,700443888
"US";26;12394,2346929444
"US";10;27195,9891470518
"US";21;11890,1247236254
"US";33;24623,6464270394
"US";2;25475,4737916214
"CA";35;2688,43579376971
"US";23;11290,8238062957
"TW";35;1591,42876984127
"TW";23;713,805357142858
"US";1;27600,3373400639
"US";25;15891,0513008317
"US";30;5387,5667995431
"JP";21;31239,5374821336
"US";31;12327,3439786465
"TW";8;5499,88062049038
"TW";21;894,971825396833
"US";12;15220,0347095784
"CA";27;981,44517195768
"US";24;6107,10059921567
"TW";33;3229,91269841271
"TW";32;1778,77619047618
"FR";10;3442,19382154884
"US";20;4392,61649822405
"CA";31;868,847041847043
"JP";26;35873,5768904618
"JP";31;51681,0180555374
"DK";25;220,583333333334
"US";32;20777,4573872263
"CA";1;1585,56484487734
"CA";2;1366,25787795538
"AU";12;615,340376984126
"DE";6;9394,93604050253
"JP";24;23396,2376322705
"JP";23;23778,9539219517
"JP";9;128843,582645757
"TW";26;2601,33887085136
"TW";31;1651,20099206349
"US";13;45707,8402790916
"US";6;105895,016442724
"TW";25;1094,75515873016
"JP";1;128656,695324035
"JP";8;90338,2084119164
"CH";17;192,59044982795
"CH";19;287,058931808931
"US";14;10506,8346455347
"US";19;7783,07153634851
"CA";19;541,747514396505
"FR";31;3452,22789321791
"FR";32;9878,07443320576
"US";27;12176,2765763411
"GB";32;1846,39358835608
"US";7;19382,6248505561
"GB";31;1296,08847985348
"US";9;15021,3830601364
"JP";2;119050,114707248
"CA";3;2198,73141621049
"AU";28;1464,33452380953
"AU";34;893,019444444441
"JP";10;70484,0799523371
"GB";2;1386,18433927183
"GB";9;645,305433455435
"TW";2;4218,6420502646
"CA";10;1322,7595996596
"CA";13;1358,33283835474
"US";3;29145,7579328665
"US";4;26066,8024774727
"US";5;10080,2651226556
"DE";2;4919,04341376222
"JP";6;102934,339556257
"SE";9;196,975714285714
"GB";23;654,157809042808
"GB";27;1349,98312964813
"CA";30;594,109000721501
"DE";25;8411,84777777784
"SG";8;825,885119047624
"SE";21;246,402380952381
"SE";32;1375,72526455026
"TW";10;1324,9982022607
"JP";12;30820,1636634103
"IN";3;451,59136002886
"IN";4;619,766901154401
"NL";3;426,308170995671
"NL";4;515,058134920635
"SE";6;993,897154125835
"JP";3;61376,1191197471
"US";16;17850,2934976388
"TW";34;1567,87976190476
"US";17;5477,09941110375
"JP";25;52493,9585678092
"CN";1;32148,2504525529
"TW";1;5916,44279100522
"IN";19;106,646590909091
"CH";1;911,342460317465
"CH";8;213,581500444
"CN";12;10369,1358201989
"CH";5;151,075793650794
"CN";2;21411,6319178039
"TW";6;4785,85857383355
"CA";4;2621,36254944128
"FR";4;2841,90501443003
"CN";3;22112,5542607388
"CN";4;42241,2691416817
"JP";13;38381,6848773369
"TW";12;862,834523809525
"DE";5;1774,1564153439
"IL";3;833,460912698416
"IL";4;777,28281024531
"GB";6;3985,69766906464
"US";22;334,049444996723
"TW";20;213,07977994228
"IL";16;500,147047859547
"US";18;4717,01888040184
"HK";21;43,254761904762
"HK";29;72,7
"JP";5;16118,9911435799
"NL";9;990,867859917864
"TW";3;1916,93128306877
"TW";4;892,64900793651
"JP";14;16839,7605285478
"JP";15;9611,24394721113
"JP";16;9138,31839410687
"JP";18;12673,2007142869
"US";11;3830,19914026893
"US";15;11677,7146405022
"TW";22;15,3038888888889
"ES";2;233,825
"ES";3;251,020634920635
"ES";4;334,292857142857
"ES";6;474,713043165983
"ES";7;86,016305916306
"GR";16;112,440079365079
"SE";17;93,5025793650795
"DE";21;3477,57403160681
"FR";35;4662,86772144523
"CA";34;1082,73714285714
"FR";9;1257,92466931217
"FR";17;637,370519850523
"FR";29;2999,69820189072
"AU";2;686,97886904762
"AU";3;582,133664021162
"AU";6;1850,43584679209
"CN";9;13460,7029833118
"NL";1;664,414512987013
"CL";6;20,0611111111111
"CN";33;9165,06991824607
"SE";3;1223,98843101343
"TW";9;2228,10148296147
"IN";2;270,284282384282
"FR";3;2050,36661662138
"FR";5;626,704960317462
"FR";13;3108,42536578345
"FR";34;2497,43640873016
"FR";27;3596,98384509011
"FR";19;1051,79655182781
"IT";19;198,569099255864
"IT";35;758,930952380952
"SE";19;122,497847985348
"JP";30;30098,0818783027
"RU";1;4076,29709595958
"GB";24;464,886115736116
"SE";20;203,003571428571
"CH";20;224,383611111111
"AU";20;204,994973544973
"CA";32;1800,69047077921
"BE";23;181,244345238095
"CA";16;1052,54543201394
"CR";18;2,95
"FR";1;4079,02462098091
"FR";8;1337,4705977356
"IL";11;66,6458041549956
"IL";23;85,5708333333333
"DE";8;5702,37602915597
"CA";8;315,975360750361
"DE";30;4570,74152417039
"RU";14;1914,4507108632
"RU";16;4725,81229649968
"SE";16;356,822549129613
"IT";14;341,183346283345
"IT";16;577,891968216967
"IT";13;816,944097977192
"DE";13;9171,62964054854
"DK";10;207,409794372295
"DK";27;355,817658730158
"CH";3;222,079816017316
"CH";4;273,301911976912
"CH";25;904,987659331412
"SE";2;456,1
"CA";6;5537,9892165106
"JP";17;26020,6593452306
"JP";33;67397,5533730086
"FR";7;487,883249219977
"FR";6;3917,30817386047
"FI";6;1541,92082454583
"JP";4;32299,4435245237
"TW";28;469,808333333333
"DE";3;4019,92026815776
"DE";10;14527,1196924386
"DE";4;4978,34366883116
"DE";14;4459,04259200096
"DE";16;3380,58154977529
"IT";6;874,384439634441
"JP";7;20683,1162698404
"BE";34;110,698593073593
"CH";10;1664,02343554593
"SE";4;1526,48829365079
"SE";14;261,158394108222
"SE";15;164,789094959621
"AU";16;1228,44100875975
"AU";29;935,433380779847
"GB";8;499,373012820511
"DE";26;9508,229562891
"DE";27;13584,0593486155
"DE";31;16367,3798806762
"GB";4;2005,87438672437
"IT";18;216,585858585858
"SI";14;72,9196428571429
"DE";11;1247,34077886982
"DE";15;2505,35272047688
"CA";14;535,05868210665
"IL";13;1172,23195831947
"TW";13;1246,31666666667
"MX";2;65,0289682539683
"MX";13;173,65
"NL";13;768,272206959711
"IN";7;254,518003911935
"GB";7;714,748923691066
"BE";6;397,31111111111
"AE";6;12,975
"AE";7;9,45833333333333
"SG";7;36,8404100529101
"CH";6;674,624551384121
"IN";6;2834,04558534671
"MY";5;51,8555555555556
"MY";10;109,176984126984
"DE";24;3948,12976190477
"IT";25;998,410750360753
"IT";26;504,052182539682
"DE";23;5402,40439430409
"DE";33;4677,27531746032
"IE";26;42,4498015873016
"IT";27;620,960286935288
"IT";31;670,376388888889
"CH";23;481,619856301106
"FR";23;1607,80662522661
"FR";16;2103,52721710578
"FR";30;1259,98673941799
"FR";24;1463,92931670182
"FR";25;3058,05091269841
"FR";21;820,892059283311
"FR";26;1595,65009920635
"FR";33;2591,66626984127
"FR";2;2106,10312155163
"FR";14;3675,56117519293
"DE";1;15949,6117405297
"IT";11;64,3049603174603
"IT";15;228,791164799252
"JP";28;55551,949909798
"AU";33;1649,57996031746
"CH";16;544,940208051754
"TW";17;135,176984126984
"GB";11;266,601376107551
"GB";3;1451,96298520923
"GB";10;1852,21511243385
"SE";25;628,913492063493
"ES";10;532,706547619046
"ES";33;603,531547619048
"ES";34;539,695873015872
"NZ";14;69,7416812232605
"NZ";16;234,670965608465
"JP";20;28178,9815089455
"JP";29;43944,4756150623
"AU";7;751,273466810967
"RU";24;2527,12619047619
"DE";18;1023,74444048885
"FR";12;1392,52462121212
"BE";33;141,063768115942
"FR";11;518,725371850368
"FR";15;927,102407820047
"FR";22;172,76325036075
"LU";13;21,1916666666667
"FR";20;1026,49625573501
"AT";13;348,507081807081
"DK";16;320,495603655602
"ZA";4;71,9523809523809
"SE";10;658,217020202022
"GB";26;766,071248196247
"DE";19;4184,59298211054
"DE";28;6062,00866957121
"DE";34;4569,3398575036
"BE";32;338,49990079365
"CN";13;11919,6670918905
"IL";6;2718,09090323716
"CH";33;548,730639097745
"CH";12;300,713888888889
"IT";4;584,785714285713
"SE";13;1244,38284632035
"DE";12;4551,86007761955
"FR";28;720,574801587301
"DE";35;9388,76025335783
"CH";35;698,725845280452
"CH";15;239,723528851322
"CH";18;184,170433085433
"FR";18;653,209896528594
"BE";1;193,362698412699
"BE";21;180,318528693529
"IT";9;217,889880952381
"DE";9;4216,91843277093
"SE";5;241,219047619047
"CH";21;234,712845560872
"GB";18;233,000308463466
"SE";1;708,342915880418
"CA";7;894,051178521475
"LU";25;11,0194444444444
"NL";14;227,894588649653
"NL";23;436,657519841269
"FI";4;1598,96973396973
"GB";15;449,52574162851
"AU";15;868,59876489251
"IE";1;88,6150793650793
"IE";9;38,2047619047619
"IL";19;81,83262987013
"GB";19;633,17758597446
"GB";35;2986,76048547733
"CH";13;1442,00237961113
"NL";32;836,095634920635
"NL";29;1193,97458282458
"BE";28;274,634114436288
"NL";6;730,074019961522
"DE";22;500,820833333332
"SI";16;84,8958333333333
"AT";10;476,819999999997
"AT";1;740,209063529064
"IE";4;142,927380952381
"CA";25;1145,59851840215
"NL";11;105,674900793651
"IT";29;742,835400710402
"IT";34;783,483730158733
"IL";10;445,656746031745
"NL";25;983,09071789322
"SG";2;342,593187830687
"DE";20;3459,78229575981
"CN";34;10494,4560185188
"ES";25;809,445634920634
"AT";17;111,497857142857
"NL";15;386,979398008036
"NL";10;727,029809079813
"ES";30;513,191666666666
"CH";34;490,951325757575
"NL";30;311,759920634921
"GB";25;1434,28854554866
"IT";33;697,889682539682
"IT";3;361,608134920634
"IT";5;180,382160894661
"BE";4;325,438005050504
"IT";2;201,668849206349
"PL";1;534,171230158729
"PL";5;55,9404761904762
"DE";17;2307,66717999046
"DE";29;7972,43112633637
"VE";17;0,333333333333333
"GB";17;149,175213397713
"AU";17;82,7107142857143
"AT";25;367,950158730158
"AU";30;268,422023809524
"IE";3;116,166666666666
"IE";5;85,3944444444445
"SI";32;84,7398550724637
"AT";33;333,739484126983
"NL";17;254,528071280571
"IT";1;787,226634939136
"IT";7;179,939682539683
"ES";11;139,998645064086
"ES";15;417,558400355091
"AT";31;501,323141673141
"BE";20;115,704283910534
"CH";32;448,302777777777
"HU";4;117,372222222222
"CH";2;565,41699134199
"CH";14;376,731436572684
"AU";14;352,013404882156
"CH";29;452,634279100529
"ES";1;648,666663614164
"ES";17;94,2646735209234
"CH";7;157,121366995074
"NL";34;362,588492063491
"IN";24;50,9248015873016
"SA";4;20,1666666666667
"CH";9;250,561619352869
"IT";8;272,483806471306
"DK";35;334,314285714286
"SA";17;8,57738095238095
"SA";28;0,583333333333333
"SA";29;3,7
"AT";35;627,686813186813
"NO";19;61,713924963925
"NO";23;165,173611111111
"GB";5;498,439177489177
"AT";16;176,77562021312
"HU";1;129,995634920635
"HU";20;45,238888888889
"TW";24;250,945238095238
"AT";32;468,038194444443
"DK";1;275,026388888888
"FI";1;533,398412698412
"FI";35;787,933333333334
"TR";13;159,783333333333
"SG";1;167,072156084656
"ES";20;275,31435064935
"IT";20;179,995454545455
"GB";1;1588,94966810966
"ES";18;434,400772607022
"CH";26;630,021112914863
"DE";7;1289,12693222664
"IT";17;175,327067377067
"BE";30;64,4363455988456
"SE";8;112,916107041107
"SE";29;544,114682539682
"AT";6;345,449337699337
"AT";7;41,5484126984127
"NL";16;350,330613683701
"LK";32;4,125
"IL";35;120,752380952381
"EE";10;19,0333333333333
"IT";32;1066,03234126984
"AE";35;18,7803571428571
"JP";35;54198,3909823822
"GB";12;1010,98038359788
"GB";33;2314,1669384058
"ES";32;959,499913419917
"IT";10;554,627350427351
"IT";12;324,798490860991
"BE";3;179,372076023392
"IT";28;392,612301587301
"BE";19;264,544271917696
"BE";27;129,353210678211
"CH";31;462,293337510443
"IT";23;337,937103174603
"NL";35;1211,34231055802
"BE";2;172,346554834055
"PL";19;521,388492063492
"CH";28;500,114849039849
"TW";29;1033,64900793651
"ES";19;318,477002164501
"ES";35;1582,62738095238
"BE";9;170,707765151515
"BE";10;183,941713564213
"BE";13;255,407089724001
"ES";16;723,305426286681
"AT";15;165,914772727272
"ZA";31;234,186111111111
"ZA";35;709,333333333334
"NL";19;309,63998015873
"CN";23;13853,9460738363
"NL";28;271,157503607503
"SI";6;33,2208333333333
"IE";15;49,5042304917305
"RO";15;30,5198412698413
"BE";15;192,055879804576
"ES";29;847,400833333336
"NL";2;668,40509028009
"CH";22;23,0649725274725
"BE";35;246,293452380952
"SE";12;332,10496031746
"CN";25;8211,46647400508
"PT";4;68,5166666666667
"GB";14;629,063259659723
"GB";16;861,158231677721
"NZ";15;130,561717424875
"IN";16;828,750038292915
"JP";34;30358,3326719528
"BE";31;141,308333333333
"NL";18;396,442132936507
"IT";30;384,769047619047
"BE";25;205,727061766736
"ES";23;354,343769841269
"BE";12;63,9567460317461
"DK";2;237,101623376623
"DK";3;198,068116605616
"JP";27;47471,5873346434
"FI";2;486,1826007326
"FI";8;127,294642857143
"FI";24;213,355952380952
"NL";33;613,814087301588
"BE";29;315,275101981351
"AT";4;224,677777777778
"GB";20;237,688425925926
"GB";21;357,550763125762
"NL";12;309,350595238094
"BE";24;105,131553631554
"NL";24;262,234642857143
"TW";5;914,085317460322
"NL";27;286,920678210678
"BR";31;688,162698412699
"CA";15;609,179809092694
"CN";28;10800,3161373053
"RU";26;4751,11935009427
"CN";10;27997,5702188517
"CN";15;13969,8898358146
"IT";21;176,101587301588
"DK";7;38,1402777777778
"AT";19;113,037275132275
"IL";14;268,758028760311
"ES";14;485,569638836394
"BE";14;206,652206554338
"DK";6;267,768358608196
"PL";4;101,407936507937
"TR";30;174,625
"NL";26;286,661111111111
"SE";24;250,056349206349
"TW";18;92,6063492063494
"AT";12;246,80591029341
"AU";13;1508,27345112616
"LB";3;9,64583333333333
"IN";10;213,35873015873
"SG";13;75,8233927622086
"TR";2;116,789880952381
"ZA";32;308,366666666667
"IN";14;1015,99444687091
"SE";31;671,850198412699
"IN";18;61,486970112119
"AT";29;432,585813492064
"MY";1;110,555357142857
"MY";2;97,2593253968253
"MY";3;39,5555555555556
"SG";3;133,325
"MY";8;278,8498015873
"SG";10;103,862698412698
"ES";22;20,0257575757576
"AT";14;99,3827847152846
"BE";5;65,0666666666667
"NL";8;290,516064213563
"BE";16;208,75716802805
"ES";31;401,375306637806
"GR";34;143,15873015873
"AT";34;195,824603174604
"AT";28;253,555161042661
"PT";3;38,8845238095238
"GB";34;1537,56203823953
"AT";23;179,312947330447
"RO";2;26,4045634920635
"FI";10;529,892987012986
"CH";30;251,989880952381
"LI";16;16,475
"NO";27;212,976226551227
"NO";35;722,21974969475
"GB";28;330,304886337495
"ZA";34;203,4
"LU";27;35,8011904761905
"AU";1;552,87242063492
"FI";3;1213,17846412847
"FI";13;425,934523809522
"FI";34;162,669444444445
"IN";20;86,3025132275134
"IN";27;123,988212481962
"IN";17;137,39623015873
"BE";8;278,060851648352
"IT";22;13,5583333333333
"BG";29;57,325
"BE";22;5,35198412698413
"IE";28;32,5136904761905
"DK";11;61,6143446368448
"LU";31;21,0892857142857
"IT";24;186,078174603175
"NO";10;430,62857142857
"NO";11;21,3361577964519
"BY";10;30,8119047619047
"BY";13;15,7166666666667
"CA";33;1838,98625237297
"NL";21;204,790489417989
"SK";3;9,8797619047619
"BE";17;249,167511423762
"BR";27;668,737698412698
"ZA";7;85,776388888889
"NL";7;120,383994708995
"PT";30;51,1333333333334
"PT";31;32,9444444444444
"CH";24;161,902146464646
"NL";31;465,923809523809
"TR";12;80,285119047619
"TR";34;237,866666666667
"IL";33;180,331746031746
"UA";9;17,3972619047619
"TR";5;14,3833333333333
"AT";8;386,109477929477
"BE";26;82,8570818070818
"NO";17;44,3851925851926
"CA";29;1523,41752794046
"PH";20;1,85
"BE";18;99,0981921218878
"IE";11;25,1448412698413
"GB";29;1220,24276679203
"AT";20;223,874087513793
"CA";20;281,871034521034
"CA";21;487,792893587892
"DK";33;160,652777777778
"AU";22;36,0492063492064
"DK";24;90,2625
"EE";15;12,7944444444444
"SE";18;51,9156746031746
"AT";21;144,531018518519
"LU";32;96,2309523809524
"IN";32;100,82408008658
"CN";24;11714,5209295346
"AE";3;6,54166666666667
"AE";4;3,20833333333333
"DK";4;186,962914862915
"DK";15;241,893626602155
"DK";19;69,1564574314575
"LK";24;1,5
"RO";1;159,7625
"SE";33;559,851587301586
"LI";9;6,75
"AT";9;110,379563492063
"AT";3;230,163888888888
"LU";30;29,4833333333333
"CH";27;375,278571428571
"AU";10;564,299726430976
"BR";1;814,854166666668
"IL";32;114,987103174603
"IL";2;428,981991129784
"SE";35;861,660515873018
"AU";35;2512,34835164835
"ES";28;272,074047619047
"BR";20;519,5
"RU";10;8589,26068302048
"SG";9;75,0015873015874
"PL";2;180,372222222222
"EE";16;7,71111111111111
"SE";7;123,820687134503
"ZA";20;117,845833333333
"AE";2;4,3
"GB";13;1874,45434273328
"LI";25;8,11111111111111
"NO";1;174,817857142857
"DK";8;28,7583333333333
"DK";20;52,0902777777778
"RO";16;115,938095238096
"RO";23;81,2075396825398
"TW";27;806,224523809526
"AT";26;317,175156325156
"GR";8;12,85
"GR";27;174,924242424243
"NO";21;57,7513888888889
"CZ";24;99,9373015873015
"BE";11;60,5013625263627
"IL";15;198,412002441858
"LU";10;15,3555555555556
"FI";32;392,108333333333
"CN";27;10244,3733946612
"TW";30;682,438888888891
"BR";13;1145,8869047619
"FI";17;144,185533910534
"CN";16;47876,2122215252
"DK";34;82,7888888888888
"SE";23;367,698531746032
"NO";15;36,4897292250234
"ZA";12;174,588888888889
"CL";15;20,1402777777778
"ID";15;2,48733766233766
"CL";18;24,4444444444444
"ID";18;1,76666666666667
"SE";27;619,62466931217
"SE";30;315,160119047618
"JP";11;4152,81734788364
"AT";30;200,705113035113
"AR";16;38,3747354497355
"AR";19;9,98730158730158
"RU";32;5215,98225532632
"IE";33;52,5928030303031
"AT";2;184,657142857143
"RU";8;787,381060606067
"RU";19;3270,16173687423
"RU";20;7779,96637529125
"NO";32;344,475
"EE";6;19,3361111111111
"EE";11;2,95
"RU";34;1763,28571428569
"CZ";31;128,562806637807
"AU";32;1100,9998015873
"CN";31;10832,6014504018
"PT";2;23,7095238095238
"DK";29;246,024415535445
"DK";32;140,7
"NL";20;133,468932178932
"CA";18;297,915426824637
"IE";32;34,0777777777778
"GB";30;528,44746993747
"DK";23;158,544607843137
"ES";12;389,739285714284
"NO";29;223,936004273504
"DK";31;207,31626984127
"PT";1;35,3333333333333
"CA";28;289,790293410293
"DK";30;158,801190476191
"NZ";13;192,835912698413
"DK";17;19,9617521367521
"DK";28;58,7055555555556
"SE";22;19,7227513227513
"AU";5;73,9100529100529
"SM";33;3
"IE";27;31,1041666666667
"MY";26;34,0626984126984
"BE";7;60,9384920634921
"CN";19;23593,454203404
"BR";6;395,79623015873
"BR";30;471,984722222222
"FI";7;186,054761904762
"FI";9;175,743888888889
"BG";26;25,2722222222222
"TR";19;93,0031746031746
"SK";4;15,2103174603175
"SK";6;23,9460317460317
"SI";27;39,2916666666667
"PL";9;76,3749999999999
"SK";12;13,4888888888889
"KE";29;2,83333333333333
"KE";32;1,33333333333333
"KE";35;0,333333333333333
"IL";34;142,7
"NO";26;78,5777777777778
"NO";34;107,088888888889
"FI";19;167,717142857142
"PT";12;30,9888888888889
"IL";25;138,92426046176
"CA";12;783,016078724143
"IE";6;352,59898831675
"IL";30;56,725
"BG";17;11,6916666666667
"CH";11;130,110310846561
"IS";27;1
"EE";12;7,41666666666667
"IL";8;161,885074157868
"RS";15;4,41666666666667
"BR";19;886,289682539686
"AD";19;0,142857142857143
"LV";25;6,89607843137255
"UA";25;74,9694444444444
"RU";25;1858,61503267972
"ES";26;371,136111111111
"SK";29;50,3845238095238
"DK";21;49,0569444444444
"HU";7;28,1835897106787
"HU";12;61,9916666666667
"AT";27;424,160119047619
"LU";4;8,41666666666667
"LU";6;19,7416666666667
"FI";29;472,043783068782
"IN";13;115,662515262515
"CN";32;11218,0101010106
"CZ";35;231,775
"LU";1;22,3353174603175
"BR";25;1141,08023088023
"ES";24;339,173134920634
"NO";2;113,483333333333
"RU";29;7632,57867063449
"ES";8;76,6988324175825
"GR";29;252,648484848485
"DK";13;299,098473748473
"TW";14;220,14466089466
"TW";16;388,214610389608
"LU";29;25,1638888888889
"RU";13;10523,43064616
"RU";9;1025,43143217895
"CA";5;440,388888888889
"FI";25;660,561904761906
"SI";1;119,65
"GR";15;48,0055555555556
"RU";28;762,541666666663
"PL";30;439,125
"PL";32;558,173809523809
"IE";2;65,6176587301588
"NZ";10;79,4801587301587
"NZ";11;29,114417989418
"NZ";17;12,7555555555555
"EG";23;2,225
"AU";11;250,433445027194
"CA";24;526,519627594626
"RU";3;1576,51354016354
"TR";10;98,0321428571427
"TR";11;10,5833333333333
"TR";31;127,2
"NL";5;134,60193001443
"HR";13;62,6666666666667
"IL";7;244,399539248996
"SI";12;27,9541666666666
"MA";20;0,947222222222222
"CN";11;3483,81187208217
"IE";24;26,8194444444444
"YU";10;2,25
"RU";23;4518,96288336654
"RU";27;5915,48864718598
"NO";25;169,975
"GR";23;63,4646164021165
"GR";24;86,7083333333333
"BR";26;550,038095238095
"BR";33;1251,3
"BR";34;1050,36527777778
"IL";9;252,287003968253
"NO";33;257,616666666667
"SE";34;318,981944444444
"RO";3;22,1825396825397
"AU";25;957,615773809525
"HU";13;144,5
"SI";4;12,4166666666667
"HK";33;269,937301587302
"SK";5;3,33333333333333
"CZ";5;19,6666666666667
"CZ";12;77,1413165266107
"CA";11;211,530411609088
"LI";17;3,40833333333333
"CN";5;3401,68040404039
"IN";15;170,050487844386
"NO";16;67,4815476190476
"GT";31;1
"CN";35;19720,0496031754
"IL";1;265,628472222222
"IL";29;189,536525974026
"NO";7;33,6666666666667
"NO";12;122,291666666667
"SG";27;13,2583333333333
"ES";27;421,181800144299
"GR";6;73,2285894660895
"YU";30;3,53333333333333
"LU";24;6,41666666666667
"CZ";29;144,7
"CZ";34;72,05
"LI";28;0,666666666666667
"AT";5;243,785407647908
"AT";18;42,702380952381
"DK";14;121,113941798942
"EE";7;4,12698412698413
"LU";33;10
"IL";26;105,682936507936
"CY";3;1,58333333333333
"CY";4;2,36666666666667
"CY";10;1,65555555555556
"CN";30;13840,7438131324
"IL";18;54,3436507936508
"SE";26;695,858531746032
"DK";18;177,38253968254
"DZ";13;1,25
"TR";35;263,82619047619
"RS";7;2,16666666666667
"SE";28;296,514285714286
"PT";32;68,6833333333334
"BR";15;244,045171957672
"DK";9;68,1333333333334
"CZ";6;113,00291603821
"AU";9;206,509325396825
"DK";26;107,861111111111
"JO";16;25,4761904761905
"JO";18;0,666666666666667
"CN";26;15766,2059884583
"JP";22;2100,02033730154
"BG";1;66,5916666666667
"BG";25;35,5833333333333
"IE";7;62,2192881192882
"IE";29;79,5053571428572
"AT";11;52,8404761904762
"SA";20;7,1125
"MY";20;4,44444444444445
"BR";35;1395,28452380952
"BR";3;295,795238095238
"AU";18;297,017505411255
"TH";29;14,8555555555556
"MY";34;18,0777777777778
"JO";11;12,1666666666667
"JO";13;5,66666666666667
"JO";23;1,41666666666667
"PT";24;30,7222222222222
"PT";35;105,180158730159
"DK";12;85,5704365079364
"NO";31;305,809523809523
"LI";13;11,7488095238095
"TR";33;178,833333333333
"TN";1;1,05833333333333
"RO";27;153,558333333333
"BR";4;144,373015873016
"ZA";11;1,625
"NZ";31;75,7805555555555
"RU";6;1768,99371933622
"HK";1;346,372222222221
"HK";2;245,503571428571
"ZA";13;331,047222222221
"SA";14;12,0220238095238
"SA";23;20,8029914529915
"RO";10;195,301587301587
"MK";4;2,03373015873016
"PT";13;65,1500000000001
"AU";23;372,431746031745
"AU";27;325,138888888889
"EG";18;2,6375
"SA";35;21,8678571428571
"MY";35;18,1625840731773
"IE";23;48,8394841269842
"BR";24;412,966666666666
"AN";24;1,83333333333333
"FI";20;184,927777777778
"FI";23;311,541507936507
"TW";19;215,489682539682
"SG";19;15,1337301587302
"IL";24;69,1486111111111
"TR";7;37,6944444444444
"JO";15;5,75
"MC";12;0,833333333333333
"LV";2;7,5
"LV";8;8
"NZ";35;182,75
"AR";13;58,1861111111111
"PT";14;38,2665223665224
"PT";16;47,0908730158731
"NZ";25;104,813888888889
"FI";28;750,276785714289
"PL";13;396,050793650793
"TR";27;151,033333333333
"SG";29;34,9337301587302
"ES";21;186,215039682539
"PL";17;247,54861111111
"PL";29;547,619083694082
"LI";20;4,45992063492063
"GP";15;0,291666666666667
"ZA";16;150,602777777777
"UA";29;43,3642857142858
"CA";23;780,559668109669
"MY";30;2,70833333333333
"FI";15;204,471084656084
"TR";32;209,566666666667
"ZA";33;446,75
"JO";10;1,73333333333333
"FI";27;289,994444444444
"ES";13;628,990692640694
"NO";13;182,228540903541
"HU";31;73,4825757575758
"AU";4;426,652314814816
"IL";28;102,330357142857
"HU";14;150,055862193362
"HU";16;176,169945332445
"BG";2;14,1444444444444
"BG";5;8,76666666666667
"BG";6;196,090079365079
"IN";31;51,3314484126985
"MY";13;27,1055555555556
"MY";16;11,9878968253968
"IL";12;205,609391534391
"PT";15;38,5825396825397
"CZ";26;114,583333333333
"NO";28;14,3194444444444
"RO";4;16,5242063492064
"LI";1;5,44880952380952
"AE";10;5,73333333333333
"FI";5;129,47380952381
"DK";5;51,7357142857143
"SI";18;8,62499999999999
"SI";23;33,95
"FI";12;203,972222222222
"NO";14;43,2976657329599
"NO";18;52,3595238095238
"AU";24;278,309523809524
"RO";30;68,9444444444445
"ES";5;75,5083333333334
"HU";32;151,826623376623
"PL";20;349,885714285714
"PL";26;393,386904761904
"LU";35;26,9111111111111
"NZ";27;46,5444444444444
"LU";14;4,05833333333333
"MA";14;5,33888888888889
"LT";35;45,3333333333333
"NZ";33;114,343650793651
"BR";23;630,956150793651
"SI";35;118,083333333333
"IE";8;53,1666666666667
"PL";25;356,075
"SG";6;288,409385521886
"RS";23;20
"MC";25;3,82142857142857
"PL";33;323,083333333333
"IL";5;212,752777777778
"IL";17;33,160119047619
"IL";27;90,991865079365
"BR";14;387,342821530321
"MY";21;13,9396825396825
"MY";23;8,38571428571429
"MY";25;21,2630952380952
"ZA";25;378,944444444444
"IN";35;45,1246031746032
"CL";27;13,7
"FI";18;86,6754761904763
"TH";4;4,8027417027417
"ZA";21;60,514880952381
"NO";6;243,913538748833
"SI";5;10,5
"GR";4;57,0714285714286
"ZA";26;126,783333333333
"IN";30;42,2882605820106
"NO";9;39,0833333333333
"IE";19;26,3779761904762
"SI";15;16,6904761904762
"LU";8;3,75
"AT";24;162,500158730158
"IR";13;13,9880952380952
"HR";4;22,9833333333333
"IL";20;40,2785714285714
"MY";19;17,9184523809524
"TR";25;109,119047619048
"IN";9;45,5025342712843
"TR";1;156,875
"BA";32;1,83333333333333
"HR";27;66,15
"SE";11;108,559793169793
"PK";4;6,06111111111111
"RO";13;90,659523809524
"RO";29;115,85
"CZ";23;87,0257936507936
"CZ";25;90,6416666666667
"GR";35;327,096825396825
"SG";34;22,7123015873016
"TH";34;15,9583333333333
"CY";1;2,33333333333333
"BR";29;1527,13928571428
"ZA";19;161,481150793651
"CN";14;16812,6036183863
"ZA";18;101,583333333333
"ZA";29;248,277777777778
"PL";27;395,730158730158
"TR";4;42,3642857142857
"PT";8;5,93214285714286
"RS";27;39
"CN";17;9805,97764249752
"LK";33;2,25
"ZA";14;170,126785714285
"TR";29;195,355555555556
"IL";22;5,67361111111111
"LV";30;15
"NZ";3;39,5583333333333
"NZ";4;43,0416666666667
"SK";31;39,0416666666667
"CA";17;232,145487845487
"ID";29;2,975
"HU";2;67,7761904761905
"HR";14;25,175
"HR";16;45,3
"IE";13;304,67426046176
"RO";19;119,007359307359
"RO";24;59,0416666666668
"TR";14;41,5380647130647
"UA";17;7,68154761904762
"EE";3;11,9333333333333
"IN";12;148,792544492544
"HU";35;207,375
"RS";34;17,5
"ZA";1;199,111111111111
"RO";12;54,5833333333334
"RO";32;96,0944444444445
"RO";35;137,995454545454
"GE";1;2,2
"LI";2;0,5
"BG";10;44,9361111111111
"BG";13;38,0888888888889
"LU";2;8,28333333333333
"UY";13;19,8611111111111
"CZ";11;20,6153968253968
"IE";16;102,557439271255
"AU";21;188,639125749981
"IE";10;93,3068903318904
"BR";12;525,63115079365
"UA";20;99,5375222000224
"UA";22;1,25595238095238
"TN";3;3,05277777777778
"TN";4;3,19166666666667
"TH";15;6,05813492063492
"MY";17;4,98690476190476
"ZA";30;113,216666666667
"RU";4;508,417063492061
"CN";8;12386,9238035127
"CN";21;10093,8910654173
"MX";20;143,230555555556
"AU";26;495,464484126983
"AU";31;552,994642857143
"AU";19;315,870238095238
"MY";29;21,0948412698413
"MY";32;8,91666666666666
"AU";8;106,739484126984
"MY";9;24,8569444444444
"MY";31;11,5166666666667
"SG";14;25,3958633958634
"SG";15;40,4821428571429
"SG";16;27,6142977392977
"UA";10;64,3197005772006
"UA";15;6,32037037037037
"MY";12;14,5916666666667
"CN";20;26023,4842592597
"ZA";10;96,8607142857143
"NZ";8;6,36507936507936
"SG";4;68,3376984126984
"TW";11;100,567063492063
"PL";35;1208,42222222222
"NZ";24;26,5333333333333
"NZ";29;112,636111111111
"NZ";32;92,9222222222222
"NZ";6;133,149025974026
"NZ";7;71,6950577200577
"RO";31;79,6500000000001
"TH";35;16,6130952380952
"CZ";1;169,265079365079
"SK";1;41,9289682539683
"VN";6;8,2547619047619
"BG";14;7,88888888888889
"BG";23;29,625
"BG";33;30,75
"BG";20;48,5452380952381
"BG";3;17,3555555555556
"HK";34;205,240873015873
"BG";16;35,1194444444445
"BG";28;3,69444444444444
"BG";18;18,75
"BG";19;37,425
"BG";24;22,75
"BG";32;46,7833333333333
"KZ";13;7,63333333333333
"BG";31;28,5
"BG";27;75,25
"BG";35;52,6666666666666
"BG";15;11,4
"BG";30;18
"BG";21;12,8119047619048
"BG";8;18,1563492063492
"HK";31;31,1277777777778
"NO";4;105,392063492063
"BG";9;11,5138888888889
"SK";8;4,42063492063492
"SK";9;6,97222222222222
"SK";20;32,7845238095238
"BR";16;603,135281847781
"BR";32;1282,41944444444
"BR";10;621,421428571428
"BR";28;385,837698412698
"BR";18;604,588095238095
"BR";9;124,191666666667
"BR";17;193,875
"BR";2;433,659722222222
"TR";16;102,469612332112
"BG";11;4,26666666666667
"BG";12;17,6666666666667
"SG";12;71,3437830687831
"RU";30;2405,05436507937
"BR";21;245,936507936508
"BR";7;181,483333333333
"BG";34;11,3333333333333
"BR";11;93,9559523809525
"BR";22;30,8611111111111
"AR";20;10
"AR";29;20,1583333333333
"AR";18;17,637037037037
"PA";34;10
"CO";19;5,73030303030303
"AR";34;34,3611111111111
"BR";8;37,125
"BR";5;44,3833333333333
"AN";10;2
"CL";31;15,6666666666667
"UY";33;7,66666666666667
"UY";34;0,5
"IE";18;39,947619047619
"PA";1;3,5
"AR";26;5,55555555555555
"BO";1;6
"SA";19;25,1652777777778
"AR";27;13,7555555555556
"PY";16;1
"TW";7;167,645346320346
"CL";25;32,9583333333333
"AR";12;8,19444444444444
"NZ";19;74,0277777777779
"ID";14;1,96666666666667
"ID";19;3,75833333333333
"PA";33;2,5
"HU";34;59,3666666666667
"DD";29;1,5
"AR";32;10,6666666666667
"AR";25;17,6297619047619
"AR";1;17,1583333333333
"AR";10;19,4166666666667
"MX";16;257,861579161579
"HK";14;29,5611111111111
"HK";19;27,5527777777778
"HK";23;59,8416666666666
"AR";33;31,0416666666667
"AR";3;8,95515873015873
"AR";6;22,1611111111111
"FI";21;218,217297979798
"RU";5;977,642724867736
"CA";22;19,1242413632119
"AR";30;5,86666666666667
"CL";24;15,3611111111111
"CL";29;31,3916666666667
"NZ";34;59,1976190476192
"HU";23;62,5130952380953
"UA";1;57,7150072150073
"SG";17;18,85
"CY";12;4,69444444444444
"IN";29;45,3327922077922
"VG";35;14,8333333333333
"SG";21;44,9630291005291
"GI";33;6,16666666666667
"AR";35;19,4773809523809
"TH";30;10,625
"CO";13;22,85
"TN";11;1,47777777777778
"TN";15;8,87420634920635
"TN";16;4,79920634920635
"PK";6;7,45786435786436
"PK";13;2,71818181818182
"ID";35;8,84880952380952
"IR";20;7,37896825396825
"HK";27;26,4027777777778
"UA";12;14,8184920634921
"HK";12;71,1027777777779
"HK";32;59,2
"HK";26;85,2282106782107
"IR";12;4,39444444444444
"MX";35;273,844444444444
"DD";25;1
"CN";7;3429,27547868797
"AR";4;7,37222222222222
"AR";21;4,85595238095238
"AR";31;19,2309523809524
"IR";2;4,33333333333333
"ZA";27;90,725
"IN";25;40,9550595238095
"IN";34;45,6310515873016
"LB";16;1,4125
"LB";23;0,583333333333333
"CN";18;20569,9500647229
"KG";3;0,5
"KG";4;0,5
"BG";22;1,34523809523809
"LI";19;2
"SG";31;15,5277777777778
"MO";35;2,83333333333333
"TW";15;274,758653846153
"RU";21;1730,34690476191
"ID";25;5,25
"SA";6;31,5
"SA";7;4,91666666666667
"CN";22;888,764021164019
"HK";35;97,3434523809524
"HK";28;45,4861111111111
"VG";6;38,3944444444444
"VG";7;44,8333333333333
"VG";15;6,5
"HK";4;56,5
"VG";29;5,16666666666667
"VG";32;1,83333333333333
"VG";1;13,6666666666667
"HK";13;96,4205555555556
"HK";5;35,5757936507936
"SG";18;7,89841269841269
"HK";9;84,2000000000001
"KY";1;19
"KY";10;4,25
"HK";16;112,39873015873
"KY";4;62
"NO";24;87,4277777777779
"IL";21;93,0734126984128
"MY";6;175,013888888889
"PT";19;37,25
"CZ";10;207,711031746031
"LI";31;20,2845238095238
"LB";34;6
"IR";1;10,7333333333333
"HK";6;142,604563492063
"AN";16;3,5
"HK";7;21,1359126984127
"HK";20;24,2666666666667
"MX";14;69,4337301587302
"MX";19;152,519047619048
"MX";28;37,4194444444444
"CZ";33;77,15
"SK";14;44,1553571428573
"CZ";13;130,671464646464
"VG";33;9,58333333333333
"VG";19;5,33333333333333
"VG";21;2,25
"CZ";15;62,1099675324677
"HU";33;95,5833333333333
"CZ";19;101,367857142857
"MC";2;4,09545454545454
"CZ";30;134,102777777778
"CZ";14;159,377031024531
"CZ";16;113,023982683983
"LI";21;6,81666666666666
"LI";23;5,16666666666667
"PL";7;46,9361111111111
"CZ";28;137,797402597403
"CZ";21;38,7666666666667
"CZ";3;43,1515873015873
"SK";33;42,3333333333334
"CZ";20;127,925
"CZ";27;150,622907647908
"CZ";18;77,2250000000001
"CZ";32;278,423412698413
"CZ";2;54,4916666666667
"SK";10;33,2
"SK";27;67,7261904761905
"CZ";17;27,8333333333334
"CZ";4;41,897619047619
"BY";21;13,5166666666667
"BY";29;44,9262626262627
"BY";32;43,7247474747474
"SK";23;16,627380952381
"SK";35;59,5416666666667
"SK";28;12,6881313131313
"BI";35;1,33333333333333
"IR";15;1,97777777777778
"IR";16;7,50992063492064
"CZ";7;31,1753968253968
"SK";17;19,1190476190476
"AE";29;2,33333333333333
"SK";13;20,3222222222222
"SK";16;33,0214466089466
"CZ";9;28,8472222222222
"HK";15;48,380873015873
"CZ";8;14,4261904761905
"VG";16;4,5
"VG";2;7,91666666666667
"EG";16;6,85972222222222
"FI";22;21,0888888888889
"FI";30;277,17380952381
"HU";27;127,791666666667
"HK";25;97,4166666666666
"ZA";2;132,502777777778
"ZA";5;10,4166666666667
"MY";27;7,83333333333333
"SG";11;11,5355158730159
"VG";30;16,5
"HK";3;90,8444444444444
"HK";10;99,7725396825397
"HK";18;13,5166666666667
"VG";13;5
"HK";30;27,7333333333333
"BM";14;3,5
"BM";16;5,5
"VG";14;8
"BS";16;5,16666666666667
"TH";24;8,14166666666667
"VG";9;10,5
"HK";11;14,5526984126984
"MO";6;10
"SA";33;2,33333333333333
"BB";1;3
"PA";10;0,5
"PA";35;3
"HK";22;1,5
"UY";3;0,583333333333333
"UY";6;1,80833333333333
"BS";26;2,5
"BN";2;1,25
"BN";6;0,25
"BN";8;6,75
"BN";26;0,25
"CY";14;2,54166666666667
"SG";35;28,5666666666667
"TH";32;27,9166666666667
"HK";24;26,3958333333333
"HK";8;78,5023809523811
"NZ";28;12,6369047619048
"KY";7;22,3333333333333
"IE";20;23,5238095238095
"SG";5;113,396031746032
"KY";6;51,6666666666667
"KY";3;2,16666666666667
"VG";26;3,75
"VG";4;24,5
"KY";12;2,66666666666667
"ZA";8;5,35
"ZA";22;3,83333333333333
"IN";28;32,9537037037037
"IN";33;39,9611111111111
"TH";28;8,25555555555556
"IR";19;9,08333333333333
"VG";27;3,83333333333333
"VG";31;1
"GR";28;21,8712121212121
"SK";15;13,8843434343434
"UA";23;51,9936507936509
"UA";30;30,5746031746032
"SC";13;3
"LU";20;32,2623015873016
"NL";22;19,1523809523809
"CZ";22;22,6305555555556
"UA";13;47,7686507936509
"UA";16;39,274771062271
"GR";33;134,423611111111
"VG";3;3,16666666666667
"HU";15;42,5750000000001
"SG";23;25,5069444444444
"SK";32;69,8380952380953
"MC";23;2,75
"MC";24;2,33333333333333
"AN";13;2,33333333333333
"BB";33;4,16666666666667
"TH";26;10,234126984127
"AN";35;3
"KY";29;1,7
"WS";3;3
"WS";4;2
"IE";31;18,6527777777778
"BN";1;4,5
"UA";21;28,2337301587302
"GB";22;20,0670634920635
"AE";32;6,08333333333333
"MO";20;1
"VG";8;7,58333333333333
"MO";1;1
"MO";29;1,2
"IE";22;3,5
"AE";31;2,83333333333333
"RU";15;1735,40496133495
"DK";22;3,375
"FI";11;46,4436243386244
"PL";14;652,413293650799
"PL";16;266,414935064934
"LI";26;17,4289682539682
"LI";27;3,47222222222222
"IR";17;2,16666666666667
"NZ";18;70,5623788005369
"EE";29;6,63333333333333
"EE";31;2,5
"EE";1;6
"EE";2;4,75
"UA";6;53,5734126984127
"GR";21;25,6666666666667
"PT";20;30,9166666666666
"PT";23;37,1666666666667
"TR";3;50,902380952381
"KY";8;6
"NG";25;1
"PE";17;1,83333333333333
"PE";19;1,18333333333333
"IN";26;40,5813492063492
"CO";28;4,33333333333333
"MD";35;1
"MT";33;2,25
"NO";3;85,8305555555556
"NZ";23;38,8428571428572
"SG";26;57,6777777777778
"IN";23;91,7852513227513
"PL";6;141,575992063492
"TR";18;170,25
"GF";11;0,2
"GF";15;0,2
"MC";14;30,5555555555556
"MC";16;9,66666666666667
"FI";33;306,792521367521
"PT";26;36,0111111111111
"PT";27;56,5178571428571
"PT";28;19,2833333333333
"PT";34;30,6666666666667
"UA";19;26,4556878306878
"MC";30;1
"MC";35;5,83333333333333
"AE";9;1,76666666666667
"LI";6;0,625
"LI";10;4,04444444444444
"LI";30;3,45833333333333
"IE";35;104,337301587302
"IR";14;5,44047619047619
"IE";34;29,0064935064935
"TR";20;98,9083333333333
"RU";11;2094,11044011543
"AR";14;8,61666666666667
"HU";26;63,5166666666667
"NZ";5;10,625
"LU";12;3,66666666666667
"FI";26;347,703968253968
"LT";9;27,059623015873
"LT";14;13,7340277777778
"RU";17;856,59876443002
"RU";18;12054,6191225444
"BY";8;6,98441558441559
"BY";22;2,46666666666667
"BY";23;39,7402777777778
"UY";11;0,678174603174603
"UY";15;1,32103174603175
"SG";30;12,85
"FI";14;98,3586471861473
"FI";16;85,1639682539685
"IE";25;55,3569444444445
"RO";21;67,3583333333334
"ES";9;137,424107142857
"CO";24;2,05
"LV";3;3,625
"LV";5;2,875
"EE";5;1,125
"AR";23;5,30833333333333
"AR";28;1,98333333333333
"SA";31;3,41666666666667
"SA";12;11,2
"ZW";7;0,25
"TR";26;118,021428571429
"IN";5;272,025198412698
"JO";14;2,16666666666667
"IL";31;66,7875
"GR";32;172,2
"MY";28;6,29166666666667
"PL";24;367,644083694083
"SM";25;1,75
"SM";34;0,75
"GR";25;129,666666666667
"AT";22;12,55
"UY";16;3,81547619047619
"EE";24;7
"KY";2;8,5
"PL";10;733,360912698414
"TR";23;76,2452380952381
"LU";3;3,16666666666667
"EE";13;9,16666666666667
"EE";25;5,66666666666667
"EE";32;6
"EE";30;4,83333333333333
"GR";13;149,402976190476
"UA";11;3,72222222222222
"PE";18;0,458333333333333
"MX";18;167,089285714286
"RO";25;49,1666666666667
"TH";2;27,6125
"TH";25;12,3888888888889
"LU";18;2,33333333333333
"RU";31;3738,95575396823
"UY";23;2,55555555555556
"PL";3;157,508134920635
"SK";30;28,6833333333333
"LI";29;6,01458333333333
"SI";33;159,654761904762
"CU";2;0,25
"CU";6;0,75
"SI";30;42,3666666666667
"TR";21;53,0396825396825
"LU";23;9,29444444444444
"MC";31;1,33333333333333
"MC";32;15,4166666666667
"CU";15;1,29166666666667
"IE";30;70,4805555555556
"MY";14;4,66313131313131
"BO";13;2,5
"AL";14;0,333333333333333
"AL";19;0,25
"CU";18;0,291666666666667
"CU";29;0,0555555555555556
"CO";35;8,90833333333333
"SI";26;54,6250000000001
"PT";10;54,3666666666667
"PT";25;31,7944444444444
"AR";15;19,6029100529101
"CO";12;1,58333333333333
"CO";33;11,4166666666667
"AR";9;1,73333333333333
"YU";16;2,02777777777778
"HU";17;24,3833333333333
"RU";35;8423,58514679734
"AD";1;1,33333333333333
"CU";23;0,722222222222222
"MA";15;2,18253968253968
"MA";19;1,09722222222222
"RU";12;1814,02992063491
"CR";12;0,3875
"CR";26;1,95
"SI";24;22,3333333333333
"PL";22;20,2
"CU";19;0,388888888888889
"CU";24;0,166666666666667
"DZ";18;1,83333333333333
"EC";13;1,66666666666667
"MX";11;14,3525132275132
"MX";15;75,2025132275133
"IR";6;4,80277777777778
"IR";28;1,66666666666667
"TH";18;4,9
"MO";33;1
"HR";1;48
"EE";19;11,0333333333333
"EE";35;9,61666666666667
"EE";33;8,5
"QA";19;1,40615079365079
"AR";11;2,7
"CU";12;1,6
"CU";35;2,26666666666667
"AD";28;2
"VE";10;2,55952380952381
"VE";13;13,4666666666667
"HK";17;13,2916666666667
"CR";14;0,25
"CR";16;0,361111111111111
"GR";1;93,2197751322751
"EE";20;9,33333333333333
"EE";14;7,40656565656566
"EE";4;16,7809523809524
"EE";27;4,5
"EE";23;11,7928571428571
"EE";26;5,33333333333333
"CU";14;0,875
"CU";16;6,29166666666667
"MC";10;5,9
"HU";19;82,8265873015874
"HU";30;58,6138888888889
"EE";18;4,5
"HU";6;105,971900718329
"MA";23;0,979166666666667
"MA";24;1,20416666666667
"NO";22;7,33333333333333
"CO";25;5,33888888888889
"CO";32;10,9083333333333
"EE";9;2,66666666666667
"RO";34;46,0095238095238
"VE";8;0,166666666666667
"VE";20;6,96666666666667
"GR";30;105,152777777778
"GR";31;69,8333333333333
"RO";33;68,5833333333333
"BY";14;5,75898268398268
"BY";20;34,1170024420024
"CO";20;1,45
"CO";21;5,10833333333333
"AD";3;1,5
"AD";30;0,5
"CL";33;19,5833333333333
"IR";23;6,36111111111111
"SU";23;0,283333333333333
"SU";26;0,25
"TR";6;87,7136904761905
"GR";11;22,6111111111111
"MA";1;1,51388888888889
"AD";32;1,5
"CU";33;0,333333333333333
"TH";1;21,3261904761905
"CY";35;11
"AE";12;7,25
"PH";25;12,0777777777778
"ZA";17;32,5472222222222
"RE";16;0,0625
"CY";33;5
"GR";26;97,0666666666666
"CL";10;16,3333333333333
"SA";11;0,95
"SA";15;4,16666666666667
"NO";30;83,3055555555554
"SA";10;25,2305555555556
"SI";3;25,7708333333333
"SI";10;66,8833333333333
"GR";7;29,2833333333333
"AR";8;2,04166666666667
"MX";26;85,0222222222223
"NZ";30;29,8027777777778
"SI";7;14,8333333333333
"IE";12;69,9092592592594
"ID";24;3,58333333333333
"HU";24;76,7833333333334
"JO";24;1,5
"GR";3;72,1892857142858
"IE";14;29,5945443445444
"LU";28;2,73333333333333
"IR";21;1
"IR";24;2,61111111111111
"UY";18;0,5
"SY";27;1,22222222222222
"IB";29;0,25
"IB";35;0,25
"RO";5;14,484126984127
"MX";1;169,311904761905
"MX";3;30,4444444444444
"MX";32;99,6410533910534
"CI";23;0,5
"CI";34;0,5
"FI";31;281,213888888889
"UA";33;8,02777777777778
"SI";31;46,3731884057971
"MT";10;4,7
"SA";13;11,2555555555556
"IS";15;9,30476190476191
"NO";5;36,8611111111111
"KP";1;0,340909090909091
"KP";20;0,25
"KP";27;0,25
"KP";31;1,25
"RU";7;253,285714285714
"CL";35;42,975
"RO";6;68,703373015873
"LI";8;2,23611111111111
"CL";11;2,7
"AE";16;4,51904761904762
"TH";31;8,04166666666667
"MX";23;85,3472222222222
"CY";32;3,83333333333333
"LV";16;16,9026251526252
"CY";24;4,25
"PT";11;9,73055555555556
"LU";21;16,2007936507936
"LU";26;9,21388888888889
"PL";31;360,222619047619
"EG";13;5,53333333333333
"IE";21;39,6375
"RS";4;1,11111111111111
"MA";26;0,166666666666667
"MA";31;1,44444444444444
"BA";9;1,33333333333333
"GR";14;37,7827561327562
"SY";19;1,25
"NO";8;39,0222222222222
"TN";8;0,366666666666667
"TN";21;0,666666666666667
"TN";23;0,277777777777778
"MC";29;3,5
"SI";9;19,35
"LU";5;1,41666666666667
"MA";35;2,86111111111111
"HU";29;124,294444444444
"SA";16;3,75
"CL";23;23,9416666666667
"LU";9;1,77777777777778
"UA";26;56,8209096459098
"MT";1;5,53333333333333
"MT";12;0,2
"MT";31;1,86666666666667
"MT";32;4,7
"LV";26;5
"TR";28;124,866666666667
"LV";14;19,4859584859585
"JO";30;1,32142857142857
"JO";35;2,25
"CL";19;18,5611111111111
"JM";14;2,5
"TH";21;8,42619047619047
"TH";23;4,91666666666667
"PT";33;51,1333333333333
"AN";2;0,945833333333333
"GR";18;105,641666666667
"PT";21;12,1111111111111
"PL";34;194,183333333333
"KW";4;3,5
"KW";7;4,33333333333333
"EG";25;0,5
"EG";27;2
"TH";3;7,40551948051948
"MC";13;7,75
"HR";17;0,883333333333333
"HR";21;3,21666666666667
"HR";29;69,05
"HR";34;51,2166666666667
"IS";6;10,35
"LK";29;1,5
"LK";34;3,33333333333333
"SK";18;19,0333333333333
"ZA";23;182,822222222222
"ZA";24;86,8333333333335
"SG";33;33,6464285714286
"SI";13;47,9041666666667
"LV";6;5,95
"LU";34;10,9333333333333
"GR";10;89,8436868686869
"CY";30;2
"TR";17;23,4666666666667
"SM";19;1
"CI";12;0,5
"CI";31;0,5
"MX";25;130,515079365079
"MX";29;147,409523809524
"WS";13;1
"DZ";14;0,125
"DZ";15;0,125
"DZ";16;0,625
"DZ";19;0,549242424242424
"PL";15;193,685173160173
"PL";18;252,289285714285
"PT";6;50,4202380952381
"TC";10;1
"HR";6;22,4833333333333
"EE";34;2,5
"HR";35;96,7666666666667
"DO";32;4,75
"PL";8;49,6011904761905
"MA";10;1,625
"LT";20;9,73333333333333
"LT";21;13,0666666666667
"LT";23;11,7468253968254
"LT";24;16,0166666666667
"CL";26;18,4166666666667
"MX";4;21,1944444444444
"MX";5;7,16666666666667
"RE";35;1
"HU";25;75,6250000000001
"MC";33;1,88392857142857
"EG";33;1,25
"EG";35;2,08333333333333
"MU";1;2
"ZA";15;146,444444444444
"SG";22;2,05555555555556
"BY";30;4,25
"TH";14;7,31944444444444
"MX";33;129,663888888889
"PL";23;341,382178932179
"VN";32;3,83333333333333
"IR";26;2,1
"ZA";6;264,529166666667
"IN";11;24,9425595238095
"CY";29;2,83333333333333
"IN";8;57,5698833573834
"KW";26;3,83333333333333
"TH";6;20,1033369408369
"SI";11;1,66666666666667
"TH";17;4,67222222222222
"TH";16;16,6166666666667
"VG";25;2,5
"VG";34;3,25
"SL";16;1,2
"EG";21;2,72916666666667
"EC";31;0,5
"EC";35;2,95
"SI";21;14,0333333333333
"SA";1;4,2984126984127
"EC";18;2,08333333333333
"LK";28;0,75
"LB";18;0,5
"LB";29;0,5
"KW";6;9,16666666666667
"TH";27;4,73571428571429
"PE";23;1,075
"MO";2;2
"TN";30;1,5
"LB";15;0,504166666666667
"PH";4;5,99074074074074
"PH";6;19,7740740740741
"PH";12;7,48518518518518
"NO";20;89,2055555555554
"MY";4;29,7936507936508
"IS";16;14,1291666666667
"LI";12;1,58333333333333
"PL";21;144,448448773449
"MA";16;7,48809523809524
"AE";25;6,71666666666667
"PK";31;2
"KW";3;5,16666666666667
"SA";2;2,16666666666667
"IS";29;15,8583333333333
"AE";11;1,41666666666667
"HR";33;84,7500000000001
"PL";12;162,9
"SK";26;24,4
"MG";14;0,196428571428571
"MG";19;0,125
"CI";13;1,75
"MT";14;0,777777777777778
"MT";17;0,0416666666666667
"MT";19;1,04166666666667
"MT";23;0,0416666666666667
"MU";28;1
"GR";12;88,8458333333333
"GR";19;55,302380952381
"GR";2;61,6833333333334
"GR";22;1,25
"MT";29;3,66666666666667
"GR";5;23,1666666666667
"GR";20;38,921164021164
"GR";17;12,1666666666667
"GR";9;14,4261904761905
"SA";8;2,20416666666667
"CY";17;0,333333333333333
"CY";25;2,83333333333333
"AE";1;4,16666666666667
"NZ";9;14,5861111111111
"MT";26;1,5
"ID";34;6,5
"IR";32;7,25
"MC";19;1,22222222222222
"MC";26;2,97222222222222
"MY";18;5,01369047619048
"DD";31;0,5
"ZA";3;112,4
"IR";35;3,125
"HU";3;51,2638888888889
"SG";25;39,1845238095238
"BY";31;38,8404761904762
"MC";18;8,75
"MY";33;22,8416666666667
"IE";17;15,6126984126984
"HR";31;29,0212560386473
"CY";27;3,66666666666667
"UA";27;115,963095238095
"KE";18;0,333333333333333
"KE";19;3,75
"KE";28;0,833333333333333
"ZA";9;17,6166666666667
"HR";25;38,5
"HR";30;35,8111111111111
"HR";10;29
"CR";24;5,25
"CR";27;0,75
"HR";26;33,5
"MG";27;3
"TN";34;1
"UA";8;6,11190476190476
"KE";16;3,80185185185185
"TT";13;13
"CO";29;6,49166666666667
"CY";9;0,333333333333333
"CL";16;24,0652777777778
"MX";12;71,9291666666667
"MX";6;90,6428571428571
"MX";7;15,5
"MK";35;2
"DO";4;0,5
"BZ";4;0,5
"AR";7;12,8083333333333
"CO";31;2,38888888888889
"VE";19;14,852380952381
"SD";11;0,333333333333333
"SD";15;0,333333333333333
"SD";16;1,16666666666667
"EG";6;35,3472222222222
"CO";4;0,6
"CO";6;2,5
"CO";7;1,58333333333333
"CR";19;3,61111111111111
"SA";32;7,83333333333333
"CO";23;6,08333333333333
"BJ";16;1
"BA";14;0,333333333333333
"BA";16;3,58333333333333
"BA";20;0,333333333333333
"CO";15;6,73809523809524
"CO";1;4,1
"SN";2;0,5
"SN";33;0,5
"CO";34;6,83333333333333
"HR";32;90,4434782608696
"HR";2;17,6666666666667
"HR";19;14,5166666666667
"HR";12;39,3611111111111
"HR";3;13,5
"ME";30;2
"HR";8;4,16666666666667
"HR";20;11,125
"HR";18;42,5
"HR";23;22,2
"HR";7;16,0833333333333
"HR";28;4
"RU";33;1187,14664502165
"HR";24;21,3666666666667
"HU";18;107,494047619048
"HU";10;97,9940476190476
"HU";21;18,25
"HU";28;16,4107142857143
"HU";9;34,7583333333333
"HR";9;4
"MU";27;3
"VE";16;9,77777777777778
"HU";11;13,7261904761905
"UZ";27;5
"SG";32;21,1666666666667
"MC";6;3,84247835497835
"CY";21;1,5
"ID";33;4,58333333333333
"LK";1;4,38452380952381
"KY";33;2
"PH";7;4,5
"VE";12;2,71666666666667
"VE";18;0,444444444444444
"VE";33;4,02976190476191
"ZA";28;67,3015873015873
"GH";29;1,16666666666667
"LA";32;0,25
"CR";35;2,91666666666667
"BA";35;1,25
"PL";28;153,423809523809
"LV";15;8,2
"MD";16;0,333333333333333
"MX";30;89,1722222222222
"BY";1;16,9484126984127
"SC";24;1
"MK";34;1
"MX";9;26,081746031746
"MX";10;102,017857142857
"EG";15;1,99305555555556
"HU";5;8,86666666666667
"QA";5;1
"QA";10;1,25
"EG";31;3,08333333333333
"VN";35;1,86666666666667
"MC";4;2,25
"SG";28;50,1541666666667
"CY";6;3,94444444444444
"TH";10;12,4291666666667
"PH";1;29,9166666666667
"HU";22;2,44444444444445
"PA";17;0,5
"CO";27;2
"CO";17;2,28571428571429
"TT";16;2,5
"TT";19;1,6
"PA";13;1,58333333333333
"PE";13;2,5
"BY";24;5,72619047619048
"IR";30;3,25
"AE";14;1,13888888888889
"AE";23;1,85555555555556
"PT";17;12,0888888888889
"SM";30;0,333333333333333
"AE";8;0,25
"LU";17;16,8130952380952
"LU";19;10,5678571428571
"OM";19;0,1
"OM";35;5,15
"BZ";2;0,25
"BZ";35;1,25
"MC";34;4,66666666666667
"PK";14;3,96759259259259
"PK";15;3,08169515669516
"PK";16;6,78333333333333
"PK";19;0,45
"RE";33;1
"VG";10;10,75
"SM";28;0,833333333333333
"SM";21;0,333333333333333
"SM";35;0,833333333333333
"RO";8;30,5791666666667
"TH";20;3,03571428571429
"LB";2;2,8125
"AM";15;0,708333333333333
"AM";19;1,33333333333333
"AM";29;0,666666666666667
"MT";35;5,83333333333333
"DZ";23;0,0833333333333333
"DZ";24;1,58333333333333
"TN";6;2,94444444444444
"HU";8;9,41666666666666
"IS";26;2
"IS";1;3,83333333333333
"IS";10;5,58333333333333
"IS";25;6,16666666666667
"HR";11;4,48333333333333
"IS";23;4,16666666666667
"IS";34;1,25
"IS";19;0,85
"IS";28;1,25
"IS";13;35,4404761904762
"VE";6;3,11666666666667
"CS";14;2
"CS";16;2
"LA";10;0,5
"IS";31;1,33333333333333
"LT";8;7,26458333333333
"LT";26;8,45833333333333
"NZ";2;28,05
"SG";20;9,97878787878788
"PF";35;1
"MC";15;0,433333333333333
"TN";25;2,5
"TN";28;0,611111111111111
"LK";25;0,625
"OM";32;1
"SL";1;5,5
"SL";33;7,83333333333333
"IS";33;2,33333333333333
"SI";29;56,9333333333334
"LU";15;2,375
"BU";16;0,533333333333333
"SL";35;1,66666666666667
"SI";2;26,3666666666667
"KE";10;0,216666666666667
"KE";24;0,166666666666667
"KE";27;0,166666666666667
"NG";33;0,875
"NG";34;2,16666666666667
"PK";1;2
"LB";4;5,475
"LB";5;1,125
"NZ";1;60,5388888888889
"LB";9;0,333333333333333
"RO";20;103,28630952381
"BB";26;1,5
"TN";9;0,1
"TH";11;1,65555555555556
"MX";17;63,4
"LI";35;6,83333333333333
"YU";1;1,33333333333333
"LT";10;22,9523809523809
"TN";14;0,125
"BH";33;1
"LV";4;1,75
"PT";9;17,1059523809524
"KM";14;0,125
"KM";16;0,125
"SL";2;0,333333333333333
"SL";9;0,333333333333333
"SV";12;1
"SV";13;1,5
"PH";31;1,20833333333333
"PH";35;1,91666666666667
"YU";23;0,410714285714286
"SI";34;73,0166666666667
"DZ";2;1,16666666666667
"DZ";6;0,166666666666667
"CL";20;23,759126984127
"SI";20;31,3833333333333
"BH";7;2,2
"BJ";12;1
"IR";29;3,43333333333333
"VN";15;1,13333333333333
"VN";16;2,5
"LI";32;12,4270833333333
"UZ";19;2,96507936507936
"AR";2;2,29166666666667
"PL";11;125,817063492064
"BY";9;64,5226190476191
"KG";14;0,0277777777777778
"KG";16;1,02777777777778
"KG";19;0,0277777777777778
"SI";8;4,46666666666667
"LI";34;2,08333333333333
"IQ";6;1
"TN";29;1,11111111111111
"TJ";26;0,376623376623377
"RO";26;119,678571428571
"MT";6;1
"PT";29;58,5472222222223
"GE";29;2
"RO";17;53,0142857142858
"LI";3;0,166666666666667
"UA";24;24,9039682539682
"TH";7;3,62020202020202
"TH";19;3,35555555555556
"MD";8;3,75
"KE";8;0,566666666666667
"PH";2;14,4297619047619
"BJ";25;1,16666666666667
"PH";15;1,49411764705882
"PH";24;5,41151218062983
"VN";8;2,8
"TR";9;25,3363095238095
"ID";4;5,86666666666667
"ID";6;5,625
"BY";5;4,66666666666667
"VN";3;8,40178571428571
"VN";4;4,53392857142857
"VN";1;4,65
"LK";14;1,025
"EG";3;3,725
"EG";4;5,725
"ID";3;6,125
"MY";22;2,16666666666667
"BD";17;0,944444444444444
"VN";5;2,33888888888889
"VN";11;0,766666666666667
"UA";34;15,9305555555556
"KP";10;0,166666666666667
"KP";25;0,166666666666667
"KP";28;0,166666666666667
"VN";14;1,93888888888889
"SI";25;59,8333333333333
"SI";17;7,25
"SI";19;17,5416666666667
"SI";28;12,3166666666667
"SI";22;4,33333333333333
"SK";2;15,4761904761905
"SK";25;21,4916666666667
"CM";14;0,321428571428571
"CM";16;2,4047619047619
"SK";19;32,9134920634921
"SK";24;29,2595238095238
"SK";34;10,1166666666667
"BY";2;5,94047619047619
"NP";24;0,5
"TH";13;14,3277777777778
"SK";22;1,27777777777778
"SK";21;10,6194444444444
"BD";11;2,41666666666667
"PK";3;4,26911976911977
"PH";29;4,33333333333333
"IS";20;1,6
"SK";7;10,6761904761905
"SK";11;5,22222222222222
"NZ";12;37,402380952381
"VN";23;2,39801587301587
"LT";1;15,5666666666667
"IR";22;0,5
"NZ";21;15,4166666666667
"TN";35;1,2
"CR";29;1,75
"NZ";26;48,1853801169591
"NZ";20;6,08333333333333
"JO";19;0,0833333333333333
"JM";16;2,75
"JM";19;0,75
"BY";26;18,7416666666667
"VN";24;1,26666666666667
"PH";17;0,477777777777778
"PH";21;3,81111111111111
"PH";23;1,73382173382173
"SA";25;6
"EC";25;2,5
"SY";32;1
"AZ";27;2,66666666666667
"TR";24;32,25
"UZ";26;0,571428571428571
"LY";1;1
"NP";22;4,53888888888889
"BB";25;2
"KE";14;0,338888888888889
"YU";3;0,466666666666667
"VN";17;3,17857142857143
"CO";18;6,9
"BY";4;2,75
"MD";19;1,9047619047619
"NP";4;0,516666666666667
"MK";2;2,25
"MK";6;0,25
"AM";8;1,20833333333333
"MN";4;0,166666666666667
"AG";13;0,25
"AG";15;0,25
"AG";16;1,25
"AG";19;0,25
"GE";8;4,53333333333333
"PA";30;2,83333333333333
"MY";15;7,74900793650793
"SC";33;1,25
"EG";17;0,833333333333333
"JO";2;0,8
"JO";9;1,27777777777778
"BD";1;0,6
"BD";29;0,141666666666667
"VN";13;1,15357142857143
"PH";18;3,63333333333333
"NP";3;0,35
"PE";29;1,33333333333333
"PE";34;3,83333333333333
"KE";25;6,5
"BB";6;8,91666666666667
"BB";7;3,5
"BB";12;1,66666666666667
"DO";3;0,5
"DO";6;2
"VE";23;8,47857142857142
"PT";7;24,3424242424242
"PH";8;71,4242063492064
"RU";22;311,590476190474
"AG";18;0,333333333333333
"YU";6;7,425
"UA";32;78,0085714285717
"LK";7;1
"KW";12;10,5
"PK";2;5,83571428571429
"PK";5;1,3
"PH";32;8,91666666666667
"ID";26;1,23333333333333
"MK";3;2,29761904761905
"ID";13;3,75
"NP";2;0,2
"IR";7;2
"IR";33;1,20833333333333
"UA";35;89,5789682539684
"SY";3;1
"PH";13;8,77261904761905
"IS";7;3,41666666666667
"DO";24;0,5
"BJ";3;1
"MX";21;49,4583333333333
"UY";14;1,02777777777778
"CS";5;1,16666666666667
"CS";12;1,13333333333333
"UZ";4;3,16666666666667
"CR";4;3,20416666666667
"CR";10;0,891666666666667
"UA";3;14,8837878787879
"UZ";6;1,33333333333333
"BM";7;4,83333333333333
"VE";35;11,475
"DO";33;3,5
"CR";32;4
"PH";10;4,35238095238095
"BD";4;6,18571428571429
"MY";11;1,5625
"LT";13;29,8583333333333
"LT";4;2,75
"LT";3;2,25
"LT";19;15,0763888888889
"LT";25;14,8333333333333
"LT";27;22,5436507936508
"LT";18;26,8333333333333
"LV";32;10,7882352941176
"LV";33;14,5
"LV";27;21,3452380952381
"LV";35;19,9166666666667
"LT";31;9
"LT";16;3,41666666666667
"LU";16;10,9583333333333
"LV";13;23,4444444444444
"LV";31;3
"LV";10;15,202380952381
"LV";20;10,2591991341991
"MK";1;0,5
"MK";12;0,5
"LT";29;14,9444444444444
"LT";34;9,16666666666667
"LV";1;23,2888888888889
"LV";19;9,66666666666667
"LV";18;15,75
"LT";33;12,6666666666667
"LT";6;2,66666666666667
"LT";12;8,16666666666667
"LU";7;5,25
"LV";21;7,03333333333333
"LV";29;16,8055555555556
"LT";2;7,66666666666667
"LT";32;6
"LV";34;8,83333333333333
"LV";12;7
"BY";18;11,6005952380952
"MK";5;1
"MX";34;79,8361111111111
"MX";31;80,3305555555556
"MX";24;79,8611111111111
"MX";27;67,7833333333333
"MC";11;0,1
"MX";22;5,16666666666667
"MK";33;1
"PA";24;0,861111111111111
"PA";25;1,69444444444444
"PA";31;1,75
"PA";23;0,944444444444444
"YU";11;0,486111111111111
"LT";30;14
"LV";23;8,94444444444444
"VE";32;1
"LU";11;1,73611111111111
"JM";6;2,27777777777778
"AW";23;1
"AW";24;1
"AE";27;3
"VN";20;3,05396825396825
"CR";31;5,75
"CL";17;2,75277777777778
"PT";18;18,8722222222222
"CL";14;5,87777777777778
"CL";21;20,4138888888889
"TH";33;21,5555555555556
"EG";10;8,01527777777778
"CS";33;0,5
"LB";13;2,58333333333333
"BS";33;5,1
"BS";34;1,35
"CY";13;4,62777777777778
"CM";6;0,75
"AN";23;1
"TH";9;7,90833333333333
"DO";14;0,666666666666667
"DO";16;2,66666666666667
"AE";33;9,20833333333333
"BB";10;0,666666666666667
"MY";24;1,8125
"SG";24;4,84166666666667
"PK";18;1,29166666666667
"MX";8;8,42083333333333
"BB";2;1,33333333333333
"BB";34;2,83333333333333
"HN";25;1,66666666666667
"BM";33;2,5
"SA";24;11,5666666666667
"BY";3;3,5
"BY";6;8,46666666666667
"BY";12;3,66666666666667
"PA";32;5
"IS";8;0,5
"CL";3;1,75
"TH";12;5,45909090909091
"SV";7;0,428571428571428
"CL";13;18,9583333333333
"CO";14;2,41666666666667
"CR";33;1,15
"IR";11;0,361111111111111
"AZ";14;5,57142857142857
"PH";30;2,16666666666667
"BS";1;7,04166666666667
"ID";1;1,36111111111111
"ID";8;6,16666666666667
"TT";31;1,25
"LB";35;2
"MK";10;1,5
"MK";13;2
"KW";32;4,33333333333333
"TH";8;16,2
"MY";7;8,14166666666667
"LB";6;6,49583333333333
"BG";4;14,8916666666667
"BM";6;1
"CO";16;8,93809523809524
"UA";4;21,1111111111111
"CS";35;0,5
"CL";28;2,58333333333333
"EG";20;0,3125
"MT";28;1
"ID";2;6,91666666666667
"LK";6;6,87619047619048
"EC";33;2,25
"IS";14;2,87916666666667
"UY";10;2,16666666666667
"YU";9;0,111111111111111
"AD";7;1,33333333333333
"KZ";7;0,5
"HN";13;0,0277777777777778
"HN";21;0,0277777777777778
"HN";24;0,0277777777777778
"HN";26;0,0277777777777778
"HN";28;0,0277777777777778
"HN";29;0,0277777777777778
"YU";19;0,611111111111111
"RO";28;33,2904761904762
"PT";5;10
"PH";3;4,88333333333333
"BS";18;2
"EG";24;1,12916666666667
"EG";29;1,06666666666667
"SA";21;5,57916666666667
"YU";13;4,95833333333333
"AR";24;2,03333333333333
"AM";13;6,25757575757576
"NG";15;0,375
"TT";27;1
"LK";2;2,3
"KW";13;5,5
"KW";33;7,5
"PA";7;1
"BY";19;20,8595238095238
"CR";3;1,40277777777778
"VE";14;2,76468253968254
"AN";3;1,175
"MD";26;1,51190476190476
"TR";8;11,5833333333333
"CL";30;12,7916666666667
"CO";11;0,654761904761905
"CO";2;5,16666666666667
"OH";21;0,125
"OH";27;0,125
"UA";18;8,02226430976431
"NP";15;2,18452380952381
"YU";18;0,4
"NP";20;0,722222222222222
"ID";9;2,33333333333333
"SV";28;0,0833333333333333
"SV";29;0,0833333333333333
"PA";27;2,5
"RO";7;5,78531746031746
"CR";7;1,66666666666667
"AM";25;1
"KW";34;7,66666666666667
"TD";6;0,5
"TD";10;0,5
"AO";19;0,25
"CY";19;0,416666666666667
"CY";23;2,79166666666667
"CL";12;8
"GI";6;0,366666666666667
"IM";6;0,833333333333333
"IM";33;0,833333333333333
"CL";7;2,36666666666667
"BH";13;1
"TZ";14;0,122222222222222
"TZ";15;0,455555555555556
"TZ";16;0,455555555555556
"AR";5;8,925
"PH";33;2,375
"JO";3;2,24166666666667
"JO";7;0,833333333333333
"LT";11;2,575
"JO";17;0,25
"VN";22;1,38333333333333
"PH";26;8,16944444444444
"AZ";35;10,3823953823954
"NI";10;0,25
"DO";13;6,16666666666667
"CM";29;0,5
"VE";25;3,35833333333333
"SZ";10;0,0833333333333333
"SZ";11;0,0833333333333333
"SZ";15;0,416666666666667
"LB";10;0,25
"JO";27;4
"SA";3;4,75
"UA";5;7,06944444444444
"RS";6;16,7944444444444
"PK";7;0,25
"PH";28;5,76666666666667
"UA";14;17,411278998779
"NG";13;5
"BG";7;7,88333333333333
"KW";24;1,83333333333333
"GI";12;1,58333333333333
"SA";34;2,5
"DD";9;1
"DD";17;0,5
"AM";10;0,875
"CY";16;6,08333333333333
"MH";3;0,0666666666666667
"MH";6;0,0666666666666667
"MH";12;0,0666666666666667
"NH";20;0,25
"IR";10;5,22777777777778
"PH";9;1,35833333333333
"GA";1;0,583333333333333
"KW";10;5,83333333333333
"EG";14;0,951388888888889
"CS";4;0,625
"EG";9;1,08333333333333
"ID";7;1,36111111111111
"BH";35;1,33333333333333
"RO";22;4,45
"BY";16;10,825
"DD";8;0,75
"ID";10;1,76666666666667
"VN";21;0,661904761904762
"VN";29;1,81666666666667
"VE";15;1,08333333333333
"ID";5;0,5
"GE";9;0,0833333333333333
"GE";20;1,20833333333333
"BS";35;4,25
"CY";34;2,27777777777778
"AR";17;1,38650793650794
"BS";2;1,58333333333333
"BS";12;6,11666666666667
"BB";18;0,166666666666667
"KW";30;5,66666666666667
"LT";17;3,41815476190476
"BS";7;0,7
"BS";13;3,36666666666667
"AE";13;10,05
"EG";28;1,625
"MN";10;0,166666666666667
"MN";23;0,966666666666667
"RO";18;40,8333333333333
"ME";4;0,25
"ME";32;1,25
"RS";32;18,2
"RS";35;35,2916666666667
"GE";24;1
"PH";14;4,69166666666667
"PH";19;1,45833333333333
"BN";35;0,666666666666667
"SY";6;0,676190476190476
"KE";2;1,5
"CR";25;1,66666666666667
"NG";10;0,166666666666667
"NG";27;0,166666666666667
"NG";31;0,416666666666667
"DO";10;0,5
"CS";31;0,333333333333333
"CS";6;5,05
"CS";7;0,133333333333333
"KW";27;3,83333333333333
"HN";23;0,75
"HN";27;0,25
"HN";30;0,25
"HN";31;0,25
"QA";14;1,18888888888889
"QA";16;0,5
"HN";20;0,5
"CR";6;2,08333333333333
"GE";10;0,222222222222222
"GE";14;0,250793650793651
"GE";23;0,452991452991453
"UY";29;3,5
"PY";25;1
"PY";29;1
"QA";24;0,5
"QA";27;0,166666666666667
"IS";2;1,83333333333333
"IS";12;3,6
"ID";20;1,91666666666667
"TR";15;18,6833333333333
"MC";7;1,54166666666667
"KP";2;1,18333333333333
"EG";8;0,7625
"EG";22;0,3125
"EG";7;1,61111111111111
"BS";21;1,25
"BS";27;0,75
"BS";32;0,5
"BD";15;2,1895202020202
"BD";16;0,479166666666667
"ID";32;1,09090909090909
"PE";21;1
"CL";1;12,6666666666667
"PH";16;3,06666666666667
"MA";11;0,597222222222222
"KZ";23;5,26190476190476
"GT";25;0,75
"GT";33;0,5
"BS";23;0,125
"TC";20;1
"LI";14;0,834523809523809
"MA";3;0,0909090909090909
"KE";21;2,08333333333333
"BS";25;1,83333333333333
"KW";1;1,66666666666667
"UY";12;1
"UY";25;1,16666666666667
"YU";14;0,111111111111111
"BY";17;19,9059523809524
"HR";15;2,22619047619048
"IS";11;1,23333333333333
"TO";18;0,142857142857143
"GE";16;3,94365079365079
"IS";3;1,97142857142857
"MC";3;1,16666666666667
"EE";21;1,54545454545455
"SZ";30;1
"AG";35;1
"KZ";6;3,33333333333333
"IQ";14;1
"LT";28;3,25
"EG";30;1,6
"RS";10;25,25
"KZ";8;2,03333333333333
"JO";29;1,11111111111111
"VN";2;2,59761904761905
"LT";5;0,5
"BS";14;1,25
"BS";17;0,25
"VN";19;1,86666666666667
"UZ";20;5,05631868131868
"UZ";23;0,979761904761905
"KE";11;0,796296296296296
"KE";15;1,12962962962963
"BD";23;0,1
"QA";35;1,16170634920635
"MD";6;0,25
"RO";14;72,4142857142858
"UA";31;59,523015873016
"RO";9;19,2625
"RS";13;37,5
"KZ";4;0,666666666666667
"KG";1;2,08333333333333
"BY";35;36,5619047619047
"BY";27;14,1
"DO";34;4
"AZ";11;0,25
"AZ";25;0,85
"BH";29;1
"LK";18;1,75
"VE";27;3,5
"KW";2;2,83333333333333
"BM";8;5
"JM";20;0,125
"CY";8;1,83333333333333
"UY";24;2
"MN";25;1
"MN";32;0,5
"ID";16;0,838095238095238
"AZ";13;5,65757575757576
"KZ";25;3,5
"KZ";26;2,58333333333333
"KZ";20;34,0988095238096
"KZ";12;1,1
"KZ";32;10,3809523809524
"KZ";35;5,47495421245421
"UZ";16;3,80833333333333
"UZ";24;1,57142857142857
"CI";15;0,0833333333333333
"CI";16;0,0833333333333333
"SY";18;0,964285714285714
"BY";28;8,8875
"BY";15;6,17386363636364
"KZ";27;18,5273809523809
"CL";22;0,166666666666667
"IS";30;1,83333333333333
"AE";19;2,4375
"LT";7;4
"BO";18;1,08333333333333
"BO";23;0,666666666666667
"KZ";30;2,80952380952381
"MN";35;0,5
"VI";14;0,142857142857143
"UZ";8;1,94444444444444
"GE";15;0,461904761904762
"MD";20;6,98502886002886
"JM";13;0,5
"TT";29;0,25
"LK";15;0,316666666666667
"LK";16;2,2
"PH";27;4
"SL";24;0,111111111111111
"SL";27;0,111111111111111
"SL";30;0,111111111111111
"SL";23;0,342857142857143
"MT";7;1
"BD";3;2,55757575757576
"LA";13;2
"SA";30;8,09027777777778
"UZ";13;4,96666666666667
"BY";25;4,66666666666667
"TM";31;1,48571428571429
"TT";34;1,5
"IR";5;2,125
"WS";6;1,5
"BW";16;0,142857142857143
"SZ";16;0,142857142857143
"ET";16;0,142857142857143
"MT";16;0,625
"CL";2;5,33333333333333
"CL";34;7,16666666666667
"MD";13;1
"BS";10;0,833333333333333
"AN";33;2,5
"CL";32;14,3333333333333
"AE";15;0,5
"AD";9;1
"MO";14;0,625
"MO";16;0,5
"PE";25;2,5
"KW";31;5,33333333333333
"VE";26;1,5
"MK";31;1,5
"SY";13;1,33333333333333
"MO";9;1,2
"CI";18;0,666666666666667
"BY";11;6,13333333333333
"VE";7;4,33333333333333
"VN";10;2,91111111111111
"AM";6;7,16428571428571
"VN";28;2,06666666666667
"MN";1;0,0714285714285714
"MN";9;0,0714285714285714
"UA";7;2,53571428571429
"CL";4;0,166666666666667
"AE";17;0,75
"LK";20;0,375
"BD";9;2,83333333333333
"KG";13;0,333333333333333
"AM";35;4
"AD";2;2,33333333333333
"KZ";1;9,55
"GN";16;1
"SL";31;0,5
"NG";14;0,125
"KZ";31;6,95
"KZ";29;3,65753968253968
"IR";27;2
"TM";34;0,666666666666667
"OM";25;3
"PT";22;3,5
"AE";30;2,91666666666667
"PA";6;1,72619047619048
"MK";32;1,5
"SZ";23;0,25
"SZ";28;0,25
"BS";3;0,833333333333333
"LK";35;1,5
"MA";5;1,36666666666667
"WS";32;2,5
"VN";18;1,76666666666667
"CU";1;1
"WS";30;3
"PF";14;0,375
"PF";18;0,375
"JM";1;1,1
"JM";30;0,35
"MN";30;1,33333333333333
"PH";34;3,66666666666667
"EG";2;1,78333333333333
"BS";29;1
"GH";6;0,25
"GH";7;0,25
"YU";20;0,0833333333333333
"GE";13;3,28412698412698
"KZ";34;1,08333333333333
"KZ";16;5,53333333333333
"KG";22;0,0833333333333333
"WS";1;2,5
"GE";18;0,195238095238095
"MD";21;0,75
"MD";23;0,666666666666667
"LV";7;0,866666666666667
"LV";9;2,5
"SC";6;0,833333333333333
"BZ";26;3,5
"KW";28;1,33333333333333
"FJ";18;1
"RO";11;13,975
"DO";1;1,5
"LV";17;2,22222222222222
"FJ";27;1
"PE";16;2,58333333333333
"PE";20;1,225
"TN";20;0,125
"ML";6;1
"ID";12;1,75
"LI";33;6,08333333333333
"IS";18;2,5
"VN";31;1,18333333333333
"KG";24;2,22142857142857
"TN";10;0,833333333333333
"UZ";3;0,533333333333333
"FO";18;0,5
"FO";29;2,5
"EG";32;1,33333333333333
"AD";33;0,5
"PA";15;0,125
"PA";16;0,75
"NY";7;1
"BD";10;0,25
"KZ";21;2,53571428571429
"KZ";10;3,2
"MN";29;0,6
"KG";30;0,166666666666667
"TG";3;0,1
"TG";4;0,1
"VN";7;1,75
"PH";11;0,2
"UZ";2;0,5
"NP";21;0,5
"PK";22;0,666666666666667
"KZ";11;0,816666666666667
"BB";4;2,83333333333333
"IS";17;0,333333333333333
"PR";13;1
"UK";10;0,5
"UK";12;0,5
"IM";35;0,5
"KY";35;2
"KW";17;0,3
"JO";8;0,1
"BA";10;2,125
"QA";17;0,333333333333333
"DO";12;1
"GT";17;0,5
"GT";29;0,5625
"KW";19;0,35
"ME";10;0,333333333333333
"ME";21;0,166666666666667
"EE";8;0,55952380952381
"PE";28;0,5
"EG";5;1,5
"BB";13;2
"KP";13;2
"KG";31;0,25
"KG";32;2,25
"TJ";25;0,5
"GE";6;1,20833333333333
"ZW";23;2,83333333333333
"WS";33;7
"PK";28;3
"BY";33;5,25
"LT";15;3,075
"CR";13;5,56666666666667
"AZ";29;4,29166666666667
"UZ";35;3,82142857142857
"MD";27;4,43333333333333
"BS";24;0,5
"TH";5;0,933333333333333
"UZ";14;0,333333333333333
"SC";10;0,25
"SC";11;0,25
"MD";32;2,125
"UZ";28;1,27678571428571
"UZ";29;1,21428571428571
"EC";15;0,166666666666667
"EC";19;0,416666666666667
"BB";3;1
"LK";3;2,83333333333333
"PE";7;1
"KZ";19;2,1625
"UA";28;6,05952380952381
"BM";32;2,5
"EG";26;1,16666666666667
"MT";27;0,5
"PR";4;1
"BD";22;0,583333333333333
"WS";23;1,75
"WS";25;0,75
"BA";31;1
"MD";14;0,166666666666667
"DD";16;0,125
"DD";19;0,125
"AE";20;1,75
"YE";10;0,166666666666667
"YE";31;0,166666666666667
"YE";33;0,166666666666667
"LI";4;1,11111111111111
"EC";6;1
"VN";12;1,06666666666667
"PK";12;0,2
"PY";26;2
"ID";11;0,5
"UZ";9;0,5
"KZ";24;1,58333333333333
"CL";8;0,666666666666667
"NP";18;1,125
"RS";3;10,2777777777778
"UZ";15;1,02483766233766
"ID";28;4
"MD";5;0,166666666666667
"MD";12;1,04166666666667
"VN";25;0,528571428571429
"LB";33;2,5
"LK";21;0,833333333333333
"KW";35;5,33333333333333
"PE";27;1
"MO";19;1
"BD";6;1,14285714285714
"CY";2;0,777777777777778
"BD";8;0,833333333333333
"AZ";1;1,66666666666667
"KG";10;2,57142857142857
"SL";10;1,5
"GE";26;1,79166666666667
"GT";18;0,392857142857143
"EG";12;2,94166666666667
"QA";12;0,333333333333333
"LV";11;5
"LV";28;0,5
"CS";2;0,5
"MG";18;0,833333333333333
"CS";19;1
"AE";26;0,375
"SL";26;1
"PK";24;1,2
"RS";2;5,08333333333333
"NG";7;2,33333333333333
"KW";29;3,5
"WS";29;0,5
"TT";20;0,5
"TT";35;1,26666666666667
"MN";20;0,25
"MN";22;0,25
"TR";22;2,76666666666667
"AD";29;1
"AD";35;3
"MD";30;1,5
"CO";26;1,83333333333333
"IS";24;1
"UK";2;1
"OA";6;0,25
"LI";24;2,25
"TN";12;1,03333333333333
"CY";31;2,83333333333333
"IR";31;2,25396825396825
"VE";29;0,25
"BM";35;1
"BO";21;0,0833333333333333
"LK";12;0,25
"BO";24;0,25
"MA";9;1,53333333333333
"BA";27;4,75
"LK";4;0,166666666666667
"RS";16;15,5333333333333
"RS";17;2
"KW";16;5,66666666666667
"TM";25;1
"MA";2;1,2
"JE";4;0,25
"JM";3;0,194444444444444
"JM";28;0,111111111111111
"ML";8;1,6
"PE";14;0,875
"BD";2;0,125
"BD";5;0,291666666666667
"EG";19;0,458333333333333
"DD";1;2,75
"VA";14;0,0555555555555556
"VA";23;0,0555555555555556
"JE";3;0,125
"JE";6;0,325
"JE";9;0,375
"JE";28;0,125
"ET";17;0,75
"MN";18;0,366666666666667
"AM";21;1,27777777777778
"MD";25;0,45
"VN";9;2,53333333333333
"PR";26;1
"PR";23;1,25
"AP";29;0,2
"GH";14;0,0694444444444444
"GH";16;1,31186868686869
"JO";31;1,5
"BM";13;2
"VI";3;1
"RS";29;39,375
"RS";31;15,5
"RS";25;21
"RS";24;10,1666666666667
"RS";20;10
"RS";33;27,5
"RS";30;18,6666666666667
"PE";10;0,5
"RS";1;47
"RS";18;28,5416666666667
"MK";24;0,5
"MK";26;0,5
"RS";19;7,16666666666667
"RS";26;14
"RS";12;11,3333333333333
"SY";12;0,333333333333333
"RS";21;8
"ME";1;1,16666666666667
"ME";35;2
"JO";4;0,875
"RS";9;3
"RS";5;1,75
"RS";14;7,03333333333333
"RS";11;1
"PR";29;0,25
"PR";33;2
"GP";32;1
"IS";35;3,16666666666667
"IS";32;2,33333333333333
"IR";4;1,83333333333333
"AM";1;2,625
"BY";34;6,33333333333333
"AM";30;1
"AM";31;1
"GE";27;0,5
"MD";18;1,33333333333333
"DD";27;1
"AZ";17;1
"AZ";19;2,78571428571428
"MG";35;1
"TT";10;0,5
"TT";14;0,5
"MD";1;0,5
"AZ";32;2
"MD";34;0,583333333333333
"KZ";18;1,53333333333333
"TJ";15;0,2
"KZ";15;0,833333333333333
"MU";21;0,5
"MU";25;0,5
"CR";34;1
"GE";35;1
"JO";34;2
"KW";25;2,83333333333333
"IQ";13;1
"PA";3;0,5
"PA";4;0,5
"AM";16;3,09166666666667
"AM";18;1,5
"AE";21;2,43333333333333
"JM";11;0,25
"CU";34;0,5
"EG";11;1,15
"PA";19;1,125
"KZ";3;1
"IR";3;2,08333333333333
"MZ";35;0,5
"UY";7;0,333333333333333
"JO";6;1,55833333333333
"CI";35;1
"MO";34;1,7
"GT";13;1
"MA";18;0,5
"CO";8;0,1
"CM";8;0,1
"CM";24;0,1
"AN";20;0,333333333333333
"JO";32;1,875
"AN";26;1
"NG";1;1
"LV";24;4,66666666666667
"CR";15;0,111111111111111
"IS";4;1,98809523809524
"KW";5;0,5
"YU";27;4
"JM";33;1,5
"BZ";34;1
"JM";15;0,25
"NP";6;0,333333333333333
"ZW";19;0,416666666666667
"ZW";29;0,75
"CY";18;0,5
"AO";14;0,25
"MN";19;2,1452380952381
"CY";5;0,277777777777778
"UY";5;0,375
"DD";32;0,666666666666667
"SL";34;1,33333333333333
"GI";7;1,45833333333333
"MT";15;0,611111111111111
"MA";17;0,0416666666666667
"KE";9;0,0833333333333333
"KE";17;0,0833333333333333
"MC";21;0,5
"AL";16;2,08333333333333
"BM";34;1
"MT";34;0,5
"EE";28;0,5
"LK";31;2
"UY";4;0,25
"KP";23;1
"SL";25;1
"SA";27;3,93333333333333
"SY";1;0,5
"GT";19;0,5625
"GT";20;0,0625
"GT";21;0,0625
"JM";10;0,333333333333333
"JM";12;0,833333333333333
"JM";32;0,333333333333333
"GH";15;0,0277777777777778
"GH";19;0,194444444444444
"BM";1;0,25
"BM";27;0,25
"BZ";14;0,166666666666667
"BZ";15;0,166666666666667
"BZ";18;0,166666666666667
"AN";8;0,404166666666667
"AN";9;0,166666666666667
"AN";12;0,291666666666667
"VG";23;2,5
"LI";22;0,166666666666667
"ID";22;0,511111111111111
"NG";35;1,75
"LA";9;0,5
"BS";31;0,666666666666667
"CM";15;0,25
"CR";1;1,66666666666667
"GH";4;0,75
"AN";29;0,5
"CO";30;1,16666666666667
"SC";28;1
"QA";20;0,05
"QA";23;0,272222222222222
"LB";1;0,583333333333333
"VN";26;0,616666666666667
"TN";5;0,0666666666666667
"AE";34;2,71666666666667
"MA";32;1,54166666666667
"BS";6;1,75
"MA";6;1,83333333333333
"KY";25;0,2
"AZ";15;0,25
"VE";24;1,66666666666667
"UM";10;0,05
"UM";13;0,05
"SA";26;3,75
"CY";20;1
"MC";20;1,16666666666667
"SM";5;0,125
"SM";6;0,125
"CO";10;0,654761904761905
"MN";14;1,06190476190476
"MN";16;0,733333333333333
"AF";13;1
"CS";3;0,125
"CU";13;2
"MU";35;7,5
"BD";12;0,285714285714286
"CL";5;0,5
"MU";20;1
"PK";17;0,42989417989418
"KW";23;0,833333333333333
"MC";27;0,833333333333333
"AM";9;0,5
"AM";20;2,19166666666667
"KN";35;1
"AM";4;2,14166666666667
"PF";32;1
"JM";27;0,25
"ID";23;1,33333333333333
"MD";7;1
"MN";15;1,66666666666667
"VG";12;2
"KY";34;1
"TN";18;0,708333333333333
"VE";11;1
"VE";4;1
"IR";25;1
"IR";34;0,833333333333333
"NP";11;0,5
"CS";29;0,5
"AN";25;2
"KW";9;1,5
"MO";4;0,5
"NE";3;0,5
"NE";4;0,5
"TM";35;0,25
"EC";2;0,1
"EC";3;0,1
"TT";25;1
"KY";20;1
"PF";4;1
"PK";23;2,41666666666667
"TN";13;1
"SN";11;0,166666666666667
"SN";15;0,166666666666667
"CR";28;0,166666666666667
"NZ";22;2
"SM";1;2
"SC";25;0,5
"KE";34;1
"GP";3;0,2
"GI";27;1
"AM";3;0,5
"UZ";17;0,166666666666667
"IR";8;2,47619047619048
"MK";16;1
"CV";27;1
"LB";24;2
"LK";30;0,5
"CM";18;0,166666666666667
"VG";20;2
"EC";32;0,5
"KP";6;0,371428571428571
"KP";7;0,0714285714285714
"GE";17;0,0841269841269841
"PK";35;3,5
"AM";14;0,166666666666667
"VN";27;0,5
"NY";10;0,1
"AG";10;0,25
"KY";13;1
"YU";4;0,316666666666667
"MO";15;0,125
"BD";19;0,25
"MT";11;0,111111111111111
"GT";27;1
"SZ";3;0,5
"SZ";5;0,5
"MA";22;0,255555555555556
"AD";12;1,33333333333333
"NG";16;1
"AM";26;1,5
"CR";21;1,5
"YU";29;0,5
"PR";18;0,5
"JO";26;1
"SC";1;0,5
"ID";21;1,6
"IR";18;2
"NP";29;0,0833333333333333
"MU";26;0,5
"MA";7;0,333333333333333
"BD";7;0,5
"MU";34;3
"GH";3;0,25
"BY";7;1,41666666666667
"BO";3;1
"EE";17;1
"SN";6;0,25
"SZ";2;0,25
"SZ";34;0,25
"TM";30;0,333333333333333
"MD";31;0,2
"MC";1;2
"CY";15;0,333333333333333
"SZ";13;0,5
"AE";24;0,5
"MT";9;0,25
"BH";23;0,5
"EC";1;0,0833333333333333
"EC";12;0,0833333333333333
"NP";16;0,291666666666667
"VE";31;2
"MA";13;1
"NY";6;0,25
"UZ";18;2
"UZ";32;0,666666666666667
"SC";29;0,5
"VG";28;0,333333333333333
"LB";7;0,0625
"PA";20;1,33333333333333
"GI";31;0,25
"GI";32;0,25
"GI";35;0,25
"PK";9;0,125
"MC";17;0,25
"MT";8;2,5
"PE";2;0,111111111111111
"PE";9;0,111111111111111
"PE";35;1,61111111111111
"IM";1;0,5
"IM";30;0,5
"MU";13;1,5
"TJ";19;0,285714285714286
"HR";5;1,66666666666667
"SY";10;0,0833333333333333
"LU";22;0,333333333333333
"BM";2;1,5
"MN";7;0,125
"BZ";6;0,25
"TN";2;0,611111111111111
"TK";6;0,25
"EG";1;1,33333333333333
"BI";27;1
"AL";27;1,5
"RE";29;1
"ML";1;0,958333333333333
"YU";34;1
"MA";27;1,33333333333333
"PA";12;1,22619047619048
"AN";1;0,570833333333333
"AN";5;0,2375
"ST";35;0,25
"ME";19;0,5
"ME";29;0,625
"ME";18;0,125
"LB";25;0,666666666666667
"AN";14;0,5
"AN";19;0,5
"MO";31;0,333333333333333
"CY";28;1,11111111111111
"YU";33;0,25
"CM";7;1
"IQ";17;1
"CO";3;0,333333333333333
"SZ";4;0,2
"PK";10;1,25
"NP";30;0,25
"GE";19;0,0285714285714286
"ZW";24;0,166666666666667
"CI";20;0,25
"MT";25;1,25
"KH";12;0,5
"LI";15;1
"LK";22;0,25
"LK";27;1,5
"IS";5;0,25
"SV";18;1
"UG";10;0,25
"UG";35;0,25
"FO";24;0,5
"FO";32;0,5
"IQ";15;0,375
"IQ";18;0,375
"SY";31;0,222222222222222
"SY";35;0,222222222222222
"BN";30;1
"PG";14;0,5
"PG";20;0,5
"EC";23;0,25
"EC";24;0,25
"CV";24;1
"KE";7;2
"AN";27;1,125
"HN";32;1
"GH";12;1
"TV";34;1
"TJ";29;1,25
"AM";12;0,125
"AM";33;0,125
"EC";17;0,0833333333333333
"EC";27;1,08333333333333
"NY";12;1
"QA";13;0,5
"GT";14;0,5
"GT";2;0,333333333333333
"GT";3;0,333333333333333
"GT";6;0,333333333333333
"NG";12;1,33333333333333
"SM";10;0,5
"DO";21;1
"KW";14;0,25
"MZ";15;0,2
"BB";16;1,5
"JM";4;0,25
"JM";7;0,333333333333333
"PK";32;1
"VG";18;1
"BM";10;0,5
"GE";25;0,166666666666667
"SY";24;0,2
"MK";30;1
"VN";33;1,5
"WS";7;0,5
"UY";27;1
"MT";18;1
"PY";19;1,5
"IS";9;0,5
"BA";30;0,25
"AL";7;0,5
"MD";2;3,16666666666667
"KP";14;0,0625
"KP";15;0,0625
"KP";16;0,0625
"KP";18;0,0625
"GF";6;0,125
"GF";7;0,125
"SY";33;1
"AD";6;1,5
"MO";18;1
"CM";19;0,5
"ET";7;0,5
"JE";13;0,25
"KY";19;1,5
"KY";23;0,5
"VE";34;0,1
"SC";31;0,25
"BB";8;1
"MO";10;0,5
"VE";28;0,4
"PF";6;1
"SC";4;0,333333333333333
"ML";10;0,125
"ZM";15;0,0454545454545455
"KG";35;0,5
"CM";1;0,0833333333333333
"CM";2;0,0833333333333333
"YU";35;1,5
"NE";16;1
"OM";10;1
"TZ";33;1
"PK";29;1,04166666666667
"BO";10;0,5
"WS";21;2
"SY";4;0,25
"BJ";19;0,5
"BM";30;1
"NE";2;0,1
"NE";6;0,1
"EP";6;0,166666666666667
"EP";7;0,166666666666667
"BF";33;2
"JO";1;0,0833333333333333
"AG";7;0,25
"AG";33;0,5
"TN";26;0,25
"MT";4;2
"AD";14;1
"MT";2;0,5
"MG";16;1,64285714285714
"TN";24;0,5
"PY";18;0,833333333333333
"SU";11;0,0333333333333333
"SU";14;0,0333333333333333
"SN";27;0,5
"GA";5;0,5
"VE";3;0,0833333333333333
"JO";21;0,654761904761905
"IR";9;0,333333333333333
"IQ";16;0,476190476190476
"PE";3;0,0833333333333333
"PE";6;0,0833333333333333
"PE";12;0,0833333333333333
"TC";7;0,5
"AD";4;0,5
"SC";12;0,166666666666667
"AD";27;1
"NG";4;0,333333333333333
"WS";24;1
"PK";11;0,1
"BD";14;0,726190476190476
"BZ";19;0,75
"EC";21;0,5
"BB";31;1
"FJ";26;1
"AM";5;0,583333333333333
"CU";10;0,166666666666667
"KE";6;0,716666666666667
"KE";12;2
"PH";22;0,333333333333333
"QA";9;0,0833333333333333
"GE";4;0,333333333333333
"VN";30;0,5
"PK";20;1,66666666666667
"MD";29;0,75
"BI";20;0,333333333333333
"BI";29;0,333333333333333
"EP";15;0,1
"EP";16;0,1
"AD";10;0,5
"DZ";25;0,25
"KZ";17;0,291666666666667
"KP";19;0,5
"KP";21;0,583333333333333
"MN";24;0,149732620320856
"SN";14;1
"SL";32;1
"LY";32;1
"AI";13;1
"JO";12;0,0666666666666667
"DZ";20;0,5
"CL";9;1
"UZ";1;1
"UY";31;0,5
"AZ";20;0,5
"DZ";35;0,333333333333333
"DD";13;0,5
"YE";6;0,25
"LB";14;0,266666666666667
"SA";22;0,166666666666667
"AI";31;0,166666666666667
"AI";32;0,166666666666667
"GD";12;1
"SU";25;0,166666666666667
"AN";15;0,5
"AM";23;0,25
"SU";8;0,0555555555555556
"SU";9;0,0555555555555556
"SU";21;0,0555555555555556
"BB";15;0,5
"BD";18;0,666666666666667
"DM";4;0,5
"DM";6;0,5
"AP";28;1
"PA";18;1
"JM";34;2
"SC";23;1
"LB";27;0,5
"CS";8;0,166666666666667
"OR";6;0,0454545454545455
"OR";7;0,0454545454545455
"NG";23;0,625
"GA";11;0,1
"GA";15;0,1
"TC";25;0,5
"TC";30;0,5
"PA";14;0,5
"JO";20;0,194444444444444
"EC";26;1
"CY";7;1,5
"EP";12;0,125
"MA";4;0,5
"MT";22;0,1
"LB";32;1
"KE";3;0,716666666666667
"KE";4;0,05
"DO";30;0,5
"CV";32;1
"IQ";27;0,5
"IQ";32;0,5
"MG";13;0,5
"ML";17;0,2
"ML";32;0,2
"VG";5;1
"PY";13;0,333333333333333
"LK";8;0,291666666666667
"AG";25;0,25
"UZ";11;0,225
"SC";3;1
"PE";33;1,75
"SA";9;0,5
"KW";15;0,5
"PE";11;0,125
"PE";15;0,125
"NP";13;0,222222222222222
"TJ";27;0,2
"BA";13;0,0714285714285714
"BA";25;0,404761904761905
"LB";8;0,142857142857143
"ID";17;0,7
"DD";23;1
"YU";32;0,333333333333333
"UY";1;0,166666666666667
"UY";20;0,166666666666667
"ET";1;0,0357142857142857
"ET";8;0,0357142857142857
"ET";9;0,0357142857142857
"ET";10;0,0357142857142857
"ET";11;0,0357142857142857
"ET";19;0,0357142857142857
"ET";28;0,0357142857142857
"TO";27;1
"UZ";21;1
"BJ";6;0,5
"BJ";34;0,5
"MM";3;0,333333333333333
"YU";26;0,333333333333333
"GA";3;0,125
"GA";10;0,125
"MU";19;1
"PY";14;0,5
"KG";20;0,5
"AL";31;0,5
"CU";31;1
"LK";9;0,375
"PK";30;0,2
"TT";6;0,0833333333333333
"TT";7;0,0833333333333333
"GE";21;0,7
"PY";7;0,5
"EC";16;2
"SV";6;0,142857142857143
"UY";21;1
"LK";13;0,0833333333333333
"LK";17;0,0833333333333333
"DO";7;0,5
"UY";28;0,5
"NP";28;0,666666666666667
"CM";32;1,5
"VE";30;1
"GA";35;0,333333333333333
"MA";8;0,333333333333333
"ME";27;1
"CG";7;1
"KY";5;1
"SL";29;0,5
"EC";20;1
"PY";33;0,5
"AD";15;1
"BM";4;0,2
"AZ";30;0,5
"UY";35;1
"JM";2;0,0833333333333333
"LK";10;1
"RS";8;1
"PE";24;0,25
"SZ";27;1
"WO";30;0,333333333333333
"NG";2;0,5
"MV";3;0,166666666666667
"MV";4;0,166666666666667
"CM";34;0,2
"MA";29;1
"BD";35;0,2
"TT";32;1
"BA";3;0,125
"MO";21;1
"BO";33;0,5
"MG";29;0,5
"GL";6;1
"SU";17;0,5
"SU";29;0,5
"VE";1;0,25
"KP";32;1
"BA";26;0,666666666666667
"KP";9;0,75
"LK";23;0,5
"DO";15;0,1
"DO";18;0,1
"AZ";24;0,683333333333333
"XP";23;0,333333333333333
"LK";19;0,5
"SA";18;1
"KY";30;0,142857142857143
"AZ";23;0,0833333333333333
"TN";17;0,25
"CO";5;0,166666666666667
"DO";35;1
"BB";5;0,5
"RW";8;0,125
"ZM";16;0,5
"AM";2;1
"KG";27;1
"TN";7;0,5
"DJ";10;0,0833333333333333
"DJ";11;0,0833333333333333
"DJ";23;0,0833333333333333
"IQ";30;1
"MM";6;0,2
"RE";20;0,5
"BO";20;1
"TN";19;0,25
"KN";10;0,2
"BA";29;1
"ME";26;1
"AM";17;0,5
"PE";1;1
"GE";7;0,125
"DZ";8;0,125
"DZ";21;0,125
"BZ";3;0,5
"AM";7;0,266666666666667
"SZ";21;1
"SV";3;1
"TN";32;0,333333333333333
"WS";26;0,5
"KY";11;0,25
"AZ";4;0,5
"AZ";5;0,5
