"ctry_code";"nace2_code";"n_tech_reg"
"AD";13;1,5
"AD";24;1
"AD";27,5;3
"AD";28,22;1
"AD";28,94;1,5
"AD";30;1
"AD";32;1
"AE";20,51;0,5
"AE";26,51;1
"AE";28,1;2
"AE";28,23;1
"AE";28,9;5,5
"AE";42,91;1
"AG";27,12;0,5
"AG";27,5;0,5
"AG";30;1
"AI";21;0,25
"AI";43;1
"AI_pat";20,1;1,25
"AI_pat";22;2,5
"AI_pat";24;2,5
"AI_pat";25,2;0,2
"AI_pat";25,3;2,75
"AI_pat";26,1;15,8666666666667
"AI_pat";26,2;261,9
"AI_pat";26,3;10,5333333333333
"AI_pat";26,4;11,1666666666667
"AI_pat";26,5;29,5333333333333
"AI_pat";26,51;24,9
"AI_pat";26,6;0,333333333333333
"AI_pat";26,7;0,75
"AI_pat";27,1;0,583333333333333
"AI_pat";27,12;0,666666666666667
"AI_pat";27,3;0,5
"AI_pat";27,5;2
"AI_pat";27,9;0,833333333333333
"AI_pat";28,1;3,61666666666667
"AI_pat";28,11;0,2
"AI_pat";28,21;0,5
"AI_pat";28,22;0,533333333333333
"AI_pat";28,23;17,5833333333333
"AI_pat";28,25;1,2
"AI_pat";28,29;0,583333333333333
"AI_pat";28,4;4,33333333333333
"AI_pat";28,9;2,7
"AI_pat";28,99;0,333333333333333
"AI_pat";29,1;5,36666666666667
"AI_pat";30;0,25
"AI_pat";32,5;4,08333333333333
"AI_pat";32,9;4
"AI_pat";62;20,95
"AL";20,1;1,5
"AL";21;1,5
"AL";25,1;0,5
"AL";25,4;0,666666666666667
"AL";27,5;1
"AL";28,21;0,5
"AL";43;1
"AM";27,9;1
"AN";20,1;0,25
"AN";21;1
"AN";28,29;0,583333333333333
"AN";30;1
"AR";10;6
"AR";10,5;1
"AR";11;1
"AR";13;2
"AR";14;1
"AR";15;2
"AR";16;0,5
"AR";18,1;2,5
"AR";20,1;11,1666666666667
"AR";20,2;1,5
"AR";20,3;0,5
"AR";20,4;0,25
"AR";20,42;0,25
"AR";20,5;1,5
"AR";20,51;3
"AR";21;25,7
"AR";22;8,08333333333333
"AR";23;3,08333333333333
"AR";23,42;1,5
"AR";24;5,33333333333333
"AR";25,1;2,5
"AR";25,2;2,5
"AR";25,3;0,25
"AR";25,4;1
"AR";25,5;0,375
"AR";25,7;6
"AR";25,9;1,11111111111111
"AR";26,1;1,08333333333333
"AR";26,2;0,4
"AR";26,3;12,6666666666667
"AR";26,4;0,75
"AR";26,5;5,48333333333333
"AR";26,51;2,16666666666667
"AR";26,52;1
"AR";26,6;2,5
"AR";26,7;2,73333333333333
"AR";27,1;0,5
"AR";27,2;1
"AR";27,3;3
"AR";27,33;4,27777777777778
"AR";27,5;18,1666666666667
"AR";27,9;2,5
"AR";28,1;25,25
"AR";28,11;2,125
"AR";28,14;4
"AR";28,21;2
"AR";28,22;1
"AR";28,23;4,16666666666667
"AR";28,25;2,33333333333333
"AR";28,29;19,2777777777778
"AR";28,3;11
"AR";28,4;4,125
"AR";28,9;32,9166666666667
"AR";28,94;4
"AR";28,99;1
"AR";29,1;11,6666666666667
"AR";30;7,625
"AR";31;2
"AR";32;10,4166666666667
"AR";32,5;18,25
"AR";32,9;13,5
"AR";42,2;2
"AR";42,91;6
"AR";43;4,66666666666667
"AS";28,9;1
"AT";10;59,8111111111111
"AT";10,5;4,25
"AT";11;20,8666666666667
"AT";12;6,33333333333333
"AT";13;31,4456349206349
"AT";14;10,7083333333333
"AT";15;90,0333333333333
"AT";16;12,4166666666667
"AT";17;47,2956349206349
"AT";18,1;22,0416666666667
"AT";19;23,5
"AT";20,1;776,379563492063
"AT";20,2;70,9702380952381
"AT";20,3;140,452777777778
"AT";20,4;15,8083333333333
"AT";20,42;4,325
"AT";20,5;76,2277777777778
"AT";20,51;34,7833333333333
"AT";20,6;25,8472222222222
"AT";21;669,066937229437
"AT";22;221,878968253968
"AT";22,1;1,83333333333333
"AT";22,2;25,9916666666667
"AT";23;42,7361111111111
"AT";23,1;18,9444444444444
"AT";23,3;54,9664682539683
"AT";23,42;2
"AT";23,5;120,140079365079
"AT";24;521,016666666667
"AT";25,1;64,6083333333333
"AT";25,2;55
"AT";25,3;11,1666666666667
"AT";25,4;103,75
"AT";25,5;15,8611111111111
"AT";25,6;21,2833333333333
"AT";25,7;337,586111111111
"AT";25,9;76,15
"AT";25,94;25,5833333333333
"AT";26,1;208,430555555556
"AT";26,2;36,75
"AT";26,3;403,712973137973
"AT";26,4;61,7888888888889
"AT";26,5;413,006944444444
"AT";26,51;101,088888888889
"AT";26,52;9,33333333333333
"AT";26,6;40,5
"AT";26,7;261,819444444444
"AT";26,8;3,4537037037037
"AT";27,1;96,8666666666667
"AT";27,12;35,0833333333333
"AT";27,2;36,0666666666667
"AT";27,3;23,0416666666667
"AT";27,33;194,45
"AT";27,4;57,5833333333333
"AT";27,5;290,606944444444
"AT";27,9;157,283333333333
"AT";28,1;487,716666666667
"AT";28,11;86,6527777777778
"AT";28,14;17,4166666666667
"AT";28,21;59,325
"AT";28,22;104,366666666667
"AT";28,23;189,763095238095
"AT";28,25;74,0333333333333
"AT";28,29;560,9625
"AT";28,3;341,2
"AT";28,4;660,283333333333
"AT";28,9;759,056944444444
"AT";28,92;113,083333333333
"AT";28,94;101,844444444444
"AT";28,95;39,9761904761905
"AT";28,99;79,65
"AT";29,1;752,488888888889
"AT";29,3;2,16666666666667
"AT";30;308,738888888889
"AT";31;149,25
"AT";32;868,916666666667
"AT";32,5;321,333333333333
"AT";32,9;168,940740740741
"AT";42,2;10,75
"AT";42,91;11,3333333333333
"AT";43;415,466468253968
"AT";62;0,833333333333333
"AU";10;497,945634920635
"AU";10,5;33,2
"AU";11;62,3666666666667
"AU";12;53,45
"AU";13;139,344444444444
"AU";14;94,5
"AU";15;122,166666666667
"AU";16;53,4444444444444
"AU";17;105,344444444444
"AU";18,1;92,5571428571428
"AU";19;234,683333333333
"AU";20,1;1900,37718253968
"AU";20,2;304,325
"AU";20,3;131,172023809524
"AU";20,4;120,35119047619
"AU";20,42;39,6845238095238
"AU";20,5;147,805357142857
"AU";20,51;114,2
"AU";20,6;11,8333333333333
"AU";21;1562,29325396825
"AU";22;586,108333333333
"AU";22,1;6,66666666666667
"AU";22,2;22,0833333333333
"AU";23;168,644444444444
"AU";23,1;115,592857142857
"AU";23,3;187,733333333333
"AU";23,42;124,333333333333
"AU";23,5;164,442857142857
"AU";24;631,955555555556
"AU";25,1;160,459523809524
"AU";25,2;177,483333333333
"AU";25,3;5,41666666666667
"AU";25,4;106,160416666667
"AU";25,5;27,8166666666667
"AU";25,6;42,9666666666667
"AU";25,7;845,866666666667
"AU";25,9;377,666666666667
"AU";25,94;92,4166666666667
"AU";26,1;320,475
"AU";26,2;193,25
"AU";26,3;889,48125
"AU";26,4;96,0833333333333
"AU";26,5;1157,96875
"AU";26,51;235,938888888889
"AU";26,52;29,5
"AU";26,6;115,344444444444
"AU";26,7;270,575
"AU";26,8;36,7333333333333
"AU";27,1;162,625
"AU";27,12;81,25
"AU";27,2;66,3095238095238
"AU";27,3;73,4666666666667
"AU";27,33;489,8
"AU";27,4;133,083333333333
"AU";27,5;1252,78571428571
"AU";27,9;196,45
"AU";28,1;1643,26666666667
"AU";28,11;131,783333333333
"AU";28,14;134,85
"AU";28,21;70,2150793650794
"AU";28,22;314,516666666667
"AU";28,23;637,0625
"AU";28,25;320,085714285714
"AU";28,29;1708,43849206349
"AU";28,3;1935,21666666667
"AU";28,4;1374,41458333333
"AU";28,9;2618,48928571429
"AU";28,92;120,458333333333
"AU";28,94;182,569047619048
"AU";28,95;23,3333333333333
"AU";28,99;370,966666666667
"AU";29,1;2084,89166666667
"AU";29,3;1,41666666666667
"AU";30;1005,05
"AU";31;758,783333333333
"AU";32;1885,4
"AU";32,5;1206,24285714286
"AU";32,9;1349,29166666667
"AU";42,2;67,4833333333333
"AU";42,91;98,1666666666667
"AU";43;1951,68333333333
"AU";62;10,5
"AZ";20,1;0,5
"AZ";21;0,5
"AZ";26,5;1
"BA";18,1;0,333333333333333
"BA";20,1;5,5
"BA";22;0,166666666666667
"BA";23,5;1
"BA";24;0,333333333333333
"BA";26,1;0,5
"BA";27,2;0,333333333333333
"BA";28,23;0,333333333333333
"BA";28,4;1
"BA";28,92;1
"BA";29,1;1
"BA";32,9;0,333333333333333
"BB";20,1;0,333333333333333
"BB";20,4;0,333333333333333
"BB";21;2
"BB";26,52;1
"BB";27,1;0,5
"BB";27,5;0,333333333333333
"BB";28,1;0,5
"BB";28,3;1
"BB";28,4;1
"BB";28,9;0,5
"BB";28,94;0,5
"BB";30;0,5
"BB";32;1
"BB";32,9;0,5
"BD";20,1;0,666666666666667
"BD";20,4;0,666666666666667
"BD";26,4;1
"BD";27,5;0,666666666666667
"BD";28,3;0,5
"BE";10;90,8797619047619
"BE";10,5;1,125
"BE";11;8,58333333333333
"BE";12;6
"BE";13;35,5194444444444
"BE";14;5,16666666666667
"BE";15;5,5
"BE";16;10,8333333333333
"BE";17;24,0777777777778
"BE";18,1;16,9083333333333
"BE";19;40,2230158730159
"BE";20,1;879,446825396825
"BE";20,2;68,4214285714286
"BE";20,3;32,1944444444444
"BE";20,4;141,786111111111
"BE";20,42;6,36666666666667
"BE";20,5;86,5111111111111
"BE";20,51;17
"BE";20,6;4,53333333333333
"BE";21;734,967063492064
"BE";22;148,961904761905
"BE";22,1;2,5
"BE";22,2;13,5027777777778
"BE";23;50,8291666666667
"BE";23,1;79,4829365079365
"BE";23,3;25,1875
"BE";23,42;3
"BE";23,5;64,1319444444444
"BE";24;389,358333333333
"BE";24,46;1,83333333333333
"BE";25,1;44,7444444444444
"BE";25,2;20,6166666666667
"BE";25,3;27,5916666666667
"BE";25,4;22,5833333333333
"BE";25,5;9,43333333333333
"BE";25,6;45,5547619047619
"BE";25,7;76,4944444444444
"BE";25,9;29,0555555555556
"BE";25,94;6,13333333333333
"BE";26,1;102,619444444444
"BE";26,2;34,4964285714286
"BE";26,3;244,800793650794
"BE";26,4;31,2380952380952
"BE";26,5;231,810714285714
"BE";26,51;41,3333333333333
"BE";26,52;2,25
"BE";26,6;11,5
"BE";26,7;49,3305555555556
"BE";26,8;75,825
"BE";27,1;21,25
"BE";27,12;6,66666666666667
"BE";27,2;16,8416666666667
"BE";27,3;15,9055555555556
"BE";27,33;101,058333333333
"BE";27,4;9,33333333333333
"BE";27,5;157,508333333333
"BE";27,9;36,75
"BE";28,1;164,105555555556
"BE";28,11;5,54166666666667
"BE";28,14;5,66666666666667
"BE";28,21;17,0416666666667
"BE";28,22;42,2777777777778
"BE";28,23;103,524206349206
"BE";28,25;32,6583333333333
"BE";28,29;245,013492063492
"BE";28,3;156,505555555556
"BE";28,4;223,65753968254
"BE";28,9;435,550793650794
"BE";28,92;17,4
"BE";28,94;89,4722222222222
"BE";28,95;7,03333333333333
"BE";28,99;26,275
"BE";29,1;136,238888888889
"BE";29,3;0,444444444444444
"BE";30;80,8833333333333
"BE";31;51,75
"BE";32;165,863888888889
"BE";32,5;166,183333333333
"BE";32,9;151,863888888889
"BE";42,2;8,5
"BE";42,91;11,0666666666667
"BE";43;170,809722222222
"BE";62;0,125
"BG";10;716,083333333333
"BG";10,5;11
"BG";11;57
"BG";12;55
"BG";13;108,166666666667
"BG";14;2,5
"BG";15;4
"BG";16;10,75
"BG";17;28,5
"BG";18,1;5,7
"BG";19;40
"BG";20,1;1965,05
"BG";20,2;234
"BG";20,3;76,3166666666667
"BG";20,4;58,9166666666667
"BG";20,42;0,75
"BG";20,5;225,533333333333
"BG";20,51;33,8333333333333
"BG";20,6;71,0555555555556
"BG";21;1073,42361111111
"BG";22;70,3055555555556
"BG";22,1;20,5
"BG";22,2;6,75
"BG";23;42,2333333333333
"BG";23,1;166,283333333333
"BG";23,3;47
"BG";23,42;6
"BG";23,5;318,316666666667
"BG";24;582,116666666667
"BG";24,46;3,33333333333333
"BG";25,1;34,25
"BG";25,2;12
"BG";25,3;18
"BG";25,4;14,3333333333333
"BG";25,5;41,5
"BG";25,6;131,033333333333
"BG";25,7;12
"BG";25,9;11,8333333333333
"BG";26,1;418,116666666667
"BG";26,2;374,583333333333
"BG";26,3;498,833333333333
"BG";26,4;210,833333333333
"BG";26,5;1214,09807692308
"BG";26,51;312,833333333333
"BG";26,52;12,5
"BG";26,6;35,6666666666667
"BG";26,7;88,5
"BG";26,8;24,65
"BG";27,1;235,25
"BG";27,12;33,5
"BG";27,2;82,6666666666667
"BG";27,3;36,1666666666667
"BG";27,33;137,416666666667
"BG";27,4;2,83333333333333
"BG";27,5;117,283333333333
"BG";27,9;232,2
"BG";28,1;585,916666666667
"BG";28,11;18,8333333333333
"BG";28,14;0,5
"BG";28,21;36,25
"BG";28,22;137,5
"BG";28,23;301,077838827839
"BG";28,25;48
"BG";28,29;510,166666666667
"BG";28,3;464,25641025641
"BG";28,4;1186,53333333333
"BG";28,9;931,266666666667
"BG";28,92;32,6666666666667
"BG";28,94;145,388888888889
"BG";28,95;5,5
"BG";28,99;123,816666666667
"BG";29,1;279,166666666667
"BG";30;105,533333333333
"BG";31;8
"BG";32;81,9166666666667
"BG";32,5;518,420833333333
"BG";32,9;94,1666666666667
"BG";42,2;15,5
"BG";42,91;67,6666666666667
"BG";43;180
"BH";19;0,5
"BI";23,5;0,125
"BI";27,33;1
"BJ";24;1
"BM";14;0,5
"BM";17;9,5
"BM";20,1;13,8333333333333
"BM";20,3;0,5
"BM";21;4,33333333333333
"BM";22,2;0,333333333333333
"BM";26,3;0,5
"BM";26,5;0,5
"BM";27,3;0,833333333333333
"BM";27,33;0,833333333333333
"BM";28,23;1
"BM";28,29;3,66666666666667
"BM";28,3;0,5
"BM";28,9;0,833333333333333
"BM";28,99;0,333333333333333
"BM";30;1,5
"BM";32;1,16666666666667
"BM";32,5;0,5
"BM";32,9;0,5
"BM";43;4,5
"BN";28,9;0,5
"BO";10;0,5
"BO";20,1;1
"BO";20,51;1,5
"BO";21;2
"BO";22;1
"BO";24;1
"BO";25,4;1
"BO";26,1;0,5
"BO";26,5;0,5
"BO";26,51;1
"BO";27,33;0,5
"BO";27,5;1
"BO";28,1;1,5
"BO";28,25;0,5
"BO";28,29;1
"BO";28,99;4
"BO";29,1;2,5
"BO";32;2
"BO";42,91;1
"BR";10;255,138888888889
"BR";10,5;8
"BR";11;56,4166666666667
"BR";12;89,75
"BR";13;124,616666666667
"BR";14;97,9166666666667
"BR";15;143,333333333333
"BR";16;32,5833333333333
"BR";17;182,277777777778
"BR";18,1;162,833333333333
"BR";19;194,9
"BR";20,1;1403,39841269841
"BR";20,2;75,1039682539682
"BR";20,3;64,7777777777778
"BR";20,4;55,0039682539683
"BR";20,42;1,25396825396825
"BR";20,5;135,636111111111
"BR";20,51;71,5
"BR";20,6;8,33333333333333
"BR";21;246,953968253968
"BR";22;349,269444444444
"BR";22,1;8,33333333333333
"BR";22,2;11,4166666666667
"BR";23;107,241666666667
"BR";23,1;84,2916666666667
"BR";23,3;206
"BR";23,42;123,416666666667
"BR";23,5;120,294444444444
"BR";24;597,425
"BR";24,46;1
"BR";25,1;215,958333333333
"BR";25,2;56,8333333333333
"BR";25,3;5,83333333333333
"BR";25,4;65,5
"BR";25,5;11,5333333333333
"BR";25,6;44,8333333333333
"BR";25,7;632,464285714286
"BR";25,9;248,361111111111
"BR";25,94;50,75
"BR";26,1;294,041666666667
"BR";26,2;234
"BR";26,3;1172,66666666667
"BR";26,4;83,6666666666667
"BR";26,5;716,566666666667
"BR";26,51;232,833333333333
"BR";26,52;67,3333333333333
"BR";26,6;68
"BR";26,7;215,333333333333
"BR";26,8;19,25
"BR";27,1;225,916666666667
"BR";27,12;72,8333333333333
"BR";27,2;83,625
"BR";27,3;97,9583333333333
"BR";27,33;687,75
"BR";27,4;117,416666666667
"BR";27,5;1425,475
"BR";27,9;255,683333333333
"BR";28,1;1927,83333333333
"BR";28,11;125,833333333333
"BR";28,14;184,5
"BR";28,21;106,708333333333
"BR";28,22;279,666666666667
"BR";28,23;515,75
"BR";28,25;156,916666666667
"BR";28,29;1221,38333333333
"BR";28,3;1434,48333333333
"BR";28,4;1253,875
"BR";28,9;2271,25952380952
"BR";28,92;53
"BR";28,94;307,5
"BR";28,95;26,8333333333333
"BR";28,99;236,233333333333
"BR";29,1;2202,08888888889
"BR";29,3;0,5
"BR";30;645
"BR";31;652,083333333333
"BR";32;2048,39444444444
"BR";32,5;1148,59285714286
"BR";32,9;1352,06666666667
"BR";42,2;122,166666666667
"BR";42,91;85,9166666666667
"BR";43;1348,46428571429
"BR";62;12
"BS";12;1
"BS";17;0,166666666666667
"BS";18,1;0,166666666666667
"BS";19;3,5
"BS";20,1;9,36111111111111
"BS";20,4;0,916666666666667
"BS";20,42;0,916666666666667
"BS";20,5;0,916666666666667
"BS";21;0,75
"BS";22;1
"BS";23;0,166666666666667
"BS";23,5;0,366666666666667
"BS";24;5,34444444444444
"BS";25,7;1
"BS";25,94;1
"BS";26,3;0,5
"BS";27,12;1
"BS";27,2;2,69444444444444
"BS";27,5;2,5
"BS";28,1;5
"BS";28,21;2
"BS";28,29;4,83333333333333
"BS";28,4;2
"BS";28,9;8,33333333333333
"BS";29,1;1,5
"BS";30;5,5
"BS";31;1
"BS";32;4,5
"BU";12;1
"BU";20,1;1,125
"BU";20,3;0,5
"BU";20,5;0,2
"BU";20,51;0,5
"BU";21;0,25
"BU";24;0,0909090909090909
"BU";25,4;0,5
"BU";26,1;1
"BU";26,5;1
"BU";26,51;0,142857142857143
"BU";27,3;0,5
"BU";28,22;1
"BU";28,3;0,6
"BU";28,4;0,25
"BU";28,9;0,5
"BU";28,95;1
"BY";20,1;1
"BZ";21;0,0714285714285714
"BZ";26,5;0,0714285714285714
"CA";10;831,077116402116
"CA";10,5;20,0833333333333
"CA";11;67,4
"CA";12;101,333333333333
"CA";13;192,366666666667
"CA";14;211,7
"CA";15;206,75
"CA";16;123,483333333333
"CA";17;399,81626984127
"CA";18,1;157,725
"CA";19;707,851984126984
"CA";20,1;4913,77738095238
"CA";20,2;340,418981481481
"CA";20,3;191,791666666667
"CA";20,4;177,161111111111
"CA";20,42;29,0944444444444
"CA";20,5;352,686243386243
"CA";20,51;209,95
"CA";20,6;50,0703703703704
"CA";21;3201,56937830688
"CA";22;1086,29265873016
"CA";22,1;21,7222222222222
"CA";22,2;60,6150793650794
"CA";23;369,310714285714
"CA";23,1;225,817857142857
"CA";23,3;174,775
"CA";23,42;106,283333333333
"CA";23,5;279,299007936508
"CA";24;1472,74722222222
"CA";24,46;4,33333333333333
"CA";25,1;228,569444444444
"CA";25,2;137,2
"CA";25,3;110,166666666667
"CA";25,4;167,583333333333
"CA";25,5;60,0166666666667
"CA";25,6;171,983333333333
"CA";25,7;813,4
"CA";25,9;293,425
"CA";25,94;117,583333333333
"CA";26,1;1223,89781746032
"CA";26,2;564,08869047619
"CA";26,3;2707,50714285714
"CA";26,4;244,833333333333
"CA";26,5;2480,17896825397
"CA";26,51;646,17619047619
"CA";26,52;70,8333333333333
"CA";26,6;193,177777777778
"CA";26,7;763,402777777778
"CA";26,8;71,4833333333333
"CA";27,1;371,116666666667
"CA";27,12;159,733333333333
"CA";27,2;291,775198412698
"CA";27,3;314,594444444444
"CA";27,33;1284,66904761905
"CA";27,4;211,983333333333
"CA";27,5;1873,26944444444
"CA";27,9;517,458333333333
"CA";28,1;2577,77777777778
"CA";28,11;278,344444444444
"CA";28,14;171,683333333333
"CA";28,21;207,527777777778
"CA";28,22;427,266666666667
"CA";28,23;1313,62658730159
"CA";28,25;451,094444444444
"CA";28,29;2839,22182539683
"CA";28,3;2141,86666666667
"CA";28,4;2560,23611111111
"CA";28,9;5091,22083333333
"CA";28,92;172,777777777778
"CA";28,94;387,314417989418
"CA";28,95;138,108333333333
"CA";28,99;617,749206349206
"CA";29,1;2544,75277777778
"CA";29,3;3,16666666666667
"CA";30;1226,51666666667
"CA";31;770,658333333333
"CA";32;2513,53194444444
"CA";32,5;2142,92599206349
"CA";32,9;2002,66111111111
"CA";42,2;76,3666666666667
"CA";42,91;205,666666666667
"CA";43;1622,89722222222
"CA";62;15,2142857142857
"CC";27,5;0,5
"CC";32;0,5
"CD";21;0,125
"CD";26,5;0,125
"CH";10;512,611111111111
"CH";10,5;50,9166666666667
"CH";11;69,5333333333333
"CH";12;136,215476190476
"CH";13;368,37003968254
"CH";14;79,5261904761905
"CH";15;149,866666666667
"CH";16;29
"CH";17;149,060912698413
"CH";18,1;136,701388888889
"CH";19;35,9611111111111
"CH";20,1;2870,71984126984
"CH";20,2;540,214682539682
"CH";20,3;80,3501984126984
"CH";20,4;178,039087301587
"CH";20,42;71,2793650793651
"CH";20,5;227,94126984127
"CH";20,51;80,0166666666667
"CH";20,6;29,0555555555556
"CH";21;2963,43630952381
"CH";22;587,156746031746
"CH";22,1;0,25
"CH";22,2;51,9277777777778
"CH";23;127,605952380952
"CH";23,1;93,5428571428571
"CH";23,3;82,6775793650794
"CH";23,42;57,1666666666667
"CH";23,5;137,268849206349
"CH";24;760,311507936508
"CH";24,46;0,5
"CH";25,1;142,345238095238
"CH";25,2;165,144444444444
"CH";25,3;42,0166666666667
"CH";25,4;287,95
"CH";25,5;35,0944444444444
"CH";25,6;72,45
"CH";25,7;759,766666666667
"CH";25,9;297,908333333333
"CH";25,94;33
"CH";26,1;697,17
"CH";26,11;0,5
"CH";26,2;214,863888888889
"CH";26,3;1052,08849206349
"CH";26,4;153,958333333333
"CH";26,5;1561,93388888889
"CH";26,51;327,06626984127
"CH";26,52;650,733333333333
"CH";26,6;97,6
"CH";26,7;509,811666666667
"CH";26,8;69,9361111111111
"CH";27,1;340,783333333333
"CH";27,12;163,241666666667
"CH";27,2;72,6722222222222
"CH";27,3;111,966666666667
"CH";27,33;813,669444444444
"CH";27,4;96,725
"CH";27,5;1117,76388888889
"CH";27,9;302,572222222222
"CH";28,1;1572,25515873016
"CH";28,11;119,176388888889
"CH";28,14;163
"CH";28,21;63,4952380952381
"CH";28,22;295,2
"CH";28,23;778,988492063492
"CH";28,25;297,673015873016
"CH";28,29;1817,83670634921
"CH";28,3;517,225
"CH";28,4;2253,43587301587
"CH";28,9;2898,57261904762
"CH";28,92;156,35
"CH";28,94;1255,67619047619
"CH";28,95;12,2388888888889
"CH";28,99;337,980952380952
"CH";29,1;977,587301587302
"CH";29,3;2,66666666666667
"CH";30;653,416666666667
"CH";31;593,977777777778
"CH";32;1740,65833333333
"CH";32,5;1623,58412698413
"CH";32,9;1214,44599206349
"CH";42,2;92,3333333333333
"CH";42,91;47,1111111111111
"CH";43;1167,51646825397
"CH";62;4,58333333333333
"CI";10;2,5
"CI";20,1;4,25
"CI";23,5;0,25
"CI";26,5;0,25
"CI";28,9;1,5
"CI";43;1
"CL";10;2,25
"CL";10,5;1
"CL";11;0,25
"CL";13;1
"CL";14;1
"CL";20,1;4,41666666666667
"CL";20,3;0,5
"CL";20,5;6,16666666666667
"CL";20,51;1,5
"CL";21;2,5968137254902
"CL";22;5
"CL";24;11,1666666666667
"CL";25,1;1,5
"CL";25,4;0,5
"CL";26,2;0,583333333333333
"CL";26,3;2,25
"CL";26,5;1,0625
"CL";26,7;1
"CL";27,5;0,833333333333333
"CL";28,1;7,08333333333333
"CL";28,11;0,5
"CL";28,21;1,5
"CL";28,23;0,333333333333333
"CL";28,25;0,333333333333333
"CL";28,29;1,08333333333333
"CL";28,9;7,5
"CL";28,94;4
"CL";28,99;2,5
"CL";29,1;8,5
"CL";32;6,33333333333333
"CL";43;2,5
"CM";19;0,1
"CM";20,1;1
"CM";20,5;0,1
"CM";26,5;0,25
"CM";28,25;0,5
"CM";28,29;0,5
"CN";10;447,583333333333
"CN";11;150,666666666667
"CN";12;57,8333333333333
"CN";13;109,416666666667
"CN";14;26,3333333333333
"CN";15;54,6666666666667
"CN";16;41,5
"CN";17;47,8333333333333
"CN";18,1;32,75
"CN";19;126,79974025974
"CN";20,1;1765,25575529733
"CN";20,2;157,416666666667
"CN";20,3;144,529564821144
"CN";20,4;67,7066666666667
"CN";20,42;1,33333333333333
"CN";20,5;249,34974025974
"CN";20,51;80
"CN";20,6;25,1666666666667
"CN";21;482,6
"CN";22;124,191866408445
"CN";22,1;6,16666666666667
"CN";22,2;10,5
"CN";23;46,7807552973342
"CN";23,1;124,041666666667
"CN";23,3;70,4
"CN";23,42;13,8333333333333
"CN";23,5;334,516666666667
"CN";24;687,784326725906
"CN";24,46;0,5
"CN";25,1;32,5
"CN";25,2;45,5333333333333
"CN";25,3;35,4
"CN";25,4;40,5
"CN";25,5;42,4521212121212
"CN";25,6;92,5666666666667
"CN";25,7;58,8333333333333
"CN";25,9;24
"CN";25,94;3,5
"CN";26,1;391,799009265588
"CN";26,2;293,625
"CN";26,3;388,416666666667
"CN";26,4;55,1666666666667
"CN";26,5;817,866666666667
"CN";26,51;211,5
"CN";26,52;35,5833333333333
"CN";26,6;73,5
"CN";26,7;163,041666666667
"CN";26,8;40,1666666666667
"CN";27,1;230,104564821144
"CN";27,12;49,9462314878104
"CN";27,2;53,6128981544771
"CN";27,3;56,9261904761905
"CN";27,33;120,616666666667
"CN";27,4;25,5
"CN";27,5;318,208333333333
"CN";27,9;180,44623148781
"CN";28,1;767,605755297334
"CN";28,11;49,8333333333333
"CN";28,14;18,3333333333333
"CN";28,21;59,8333333333333
"CN";28,22;53,3628981544771
"CN";28,23;148,625
"CN";28,25;53,4583333333333
"CN";28,29;508,372421964001
"CN";28,3;266,666666666667
"CN";28,4;549,134326725906
"CN";28,9;953,282342598922
"CN";28,92;36,25
"CN";28,94;122,29
"CN";28,95;19,4566666666667
"CN";28,99;143,5
"CN";29,1;436,529564821144
"CN";29,3;0,446231487810435
"CN";30;307,362898154477
"CN";31;65,5
"CN";32;469,880952380952
"CN";32,5;405
"CN";32,9;197,862898154477
"CN";42,2;24,8333333333333
"CN";42,91;37
"CN";43;200,016666666667
"CO";10;1,5
"CO";13;1
"CO";15;2,5
"CO";17;0,25
"CO";20,1;11,1045634920635
"CO";20,2;2,47123015873016
"CO";20,5;2,25
"CO";21;7,04206349206349
"CO";22;1
"CO";23;0,25
"CO";23,3;0,25
"CO";23,5;3,25
"CO";25,2;0,333333333333333
"CO";25,7;2
"CO";26,1;0,75
"CO";26,2;0,5
"CO";26,3;2
"CO";26,5;0,5
"CO";26,51;0,5
"CO";27,1;6,08333333333333
"CO";27,2;2
"CO";27,5;1,5
"CO";28,1;3,33333333333333
"CO";28,11;0,5
"CO";28,22;8
"CO";28,23;3
"CO";28,25;0,333333333333333
"CO";28,29;1,75
"CO";28,3;1,3125
"CO";28,4;2
"CO";28,9;2,5
"CO";28,94;1,5
"CO";28,99;1,25
"CO";29,1;3,5
"CO";30;0,5
"CO";31;0,5
"CO";32;3
"CO";32,5;8,97916666666667
"CO";32,9;10
"CO";43;2
"CR";10;1,5
"CR";17;2
"CR";18,1;1
"CR";20,1;0,75
"CR";20,51;6,5
"CR";21;0,5
"CR";22;0,5
"CR";25,9;0,5
"CR";26,1;0,333333333333333
"CR";26,2;1
"CR";26,4;0,333333333333333
"CR";26,5;4,33333333333333
"CR";26,51;1
"CR";26,6;2
"CR";28,1;2,5
"CR";28,11;0,25
"CR";28,9;4,5
"CR";29,1;0,5
"CR";31;0,5
"CR";32;0,5
"CR";32,5;2
"CR";32,9;1
"CR";42,2;0,5
"CR";43;2
"CS";10;12,25
"CS";11;4,5
"CS";13;4,25
"CS";16;1
"CS";17;1,5
"CS";19;1
"CS";20,1;64,3293650793651
"CS";20,2;4
"CS";20,3;3
"CS";20,4;4
"CS";20,5;3,83333333333333
"CS";21;24,847619047619
"CS";22;6,83333333333333
"CS";22,1;0,0833333333333333
"CS";22,2;0,25
"CS";23;1,75
"CS";23,1;1,33333333333333
"CS";23,3;7,5
"CS";23,5;17,9880952380952
"CS";24;10,8333333333333
"CS";25,1;0,821428571428571
"CS";25,3;1
"CS";25,6;1
"CS";25,7;3
"CS";25,9;0,333333333333333
"CS";26,1;3,83333333333333
"CS";26,3;9,5
"CS";26,4;1
"CS";26,5;25,2642857142857
"CS";26,51;8
"CS";26,6;4
"CS";26,7;9,58333333333333
"CS";27,1;10,8333333333333
"CS";27,12;4,5
"CS";27,2;4,5
"CS";27,3;0,5
"CS";27,33;3
"CS";27,5;5
"CS";28,1;26,3333333333333
"CS";28,11;1
"CS";28,21;1,6547619047619
"CS";28,23;1
"CS";28,25;3,83333333333333
"CS";28,29;41,6547619047619
"CS";28,3;14
"CS";28,4;20,1666666666667
"CS";28,9;23,3219696969697
"CS";28,94;22,5833333333333
"CS";28,95;6,5
"CS";28,99;4
"CS";29,1;18,3333333333333
"CS";32;6,66666666666667
"CS";32,5;15,7261904761905
"CS";32,9;1,33333333333333
"CS";42,91;2
"CS";43;10,25
"CU";10;3
"CU";17;2
"CU";20,4;1
"CU";20,42;1
"CU";20,51;1
"CU";21;5
"CU";25,7;1
"CU";25,9;1
"CU";26,5;1
"CU";27,5;1
"CU";28,1;0,5
"CU";28,25;2
"CU";28,3;3
"CU";28,4;1
"CU";29,1;1,5
"CU";32,5;1,5
"CU";32,9;0,5
"CU";43;1
"CY";15;1
"CY";20,1;0,25
"CY";23,5;1
"CY";26,5;0,5
"CY";27,5;1
"CY";28,1;3
"CY";28,11;1
"CY";28,22;0,5
"CY";28,23;1
"CY";28,29;2
"CY";28,3;1
"CY";28,9;3
"CY";29,1;3
"CY";30;1,5
"CY";32;1
"CY";32,5;1,25
"CY";43;1
"CZ";10;2,5
"CZ";11;1,5
"CZ";12;1
"CZ";13;1
"CZ";17;1,5
"CZ";20,1;51,875
"CZ";20,2;0,833333333333333
"CZ";20,3;1,5
"CZ";20,4;1
"CZ";20,5;2
"CZ";20,6;0,75
"CZ";21;13,0833333333333
"CZ";22;6,25
"CZ";23;0,25
"CZ";23,5;0,511904761904762
"CZ";24;3,25
"CZ";25,1;0,178571428571429
"CZ";25,7;0,5
"CZ";26,1;3,83333333333333
"CZ";26,3;0,5
"CZ";26,5;14,6666666666667
"CZ";26,51;0,5
"CZ";26,52;0,5
"CZ";26,6;3
"CZ";26,7;1,5
"CZ";27,1;1,5
"CZ";27,2;2
"CZ";27,5;2
"CZ";27,9;0,5
"CZ";28,1;9,5
"CZ";28,21;0,178571428571429
"CZ";28,23;1
"CZ";28,25;0,5
"CZ";28,29;9,76190476190476
"CZ";28,3;4,83333333333333
"CZ";28,4;11
"CZ";28,9;8,66666666666667
"CZ";28,94;29
"CZ";28,95;0,5
"CZ";28,99;1,83333333333333
"CZ";29,1;5
"CZ";30;1,5
"CZ";32;1
"CZ";32,5;11,625
"CZ";32,9;1
"DD";10;12,75
"DD";10,5;5
"DD";11;0,5
"DD";13;13,0833333333333
"DD";14;0,25
"DD";16;2
"DD";17;0,5
"DD";18,1;1,16666666666667
"DD";19;12,25
"DD";20,1;82,0556722689076
"DD";20,2;11,1782913165266
"DD";20,3;1,5
"DD";20,4;2,25
"DD";20,42;0,25
"DD";20,5;10,1666666666667
"DD";21;68,356862745098
"DD";22;18,6666666666667
"DD";22,1;0,416666666666667
"DD";22,2;1,86111111111111
"DD";23;1,86666666666667
"DD";23,1;12,0833333333333
"DD";23,3;8,66666666666667
"DD";23,5;4,16666666666667
"DD";24;21,95
"DD";25,1;7
"DD";25,5;0,333333333333333
"DD";25,6;3,57142857142857
"DD";25,7;2
"DD";25,9;2
"DD";25,94;1
"DD";26,1;20,1404761904762
"DD";26,2;5,79166666666667
"DD";26,3;17,8333333333333
"DD";26,4;2,66666666666667
"DD";26,5;65
"DD";26,51;11,3333333333333
"DD";26,52;1,5
"DD";26,6;6,66666666666667
"DD";26,7;10,7
"DD";26,8;1
"DD";27,1;10
"DD";27,12;1
"DD";27,2;2,33333333333333
"DD";27,3;4,66666666666667
"DD";27,33;10,1666666666667
"DD";27,4;1
"DD";27,5;19,9166666666667
"DD";27,9;6
"DD";28,1;23,25
"DD";28,11;0,944444444444444
"DD";28,21;4,16666666666667
"DD";28,22;2
"DD";28,23;17,2083333333333
"DD";28,25;2
"DD";28,29;43,2444444444444
"DD";28,3;14,2333333333333
"DD";28,4;47,35
"DD";28,9;91,2777777777778
"DD";28,92;1,5
"DD";28,94;44,3333333333333
"DD";28,95;1,5
"DD";28,99;4,83333333333333
"DD";29,1;19,75
"DD";30;9,5
"DD";31;3,33333333333333
"DD";32;30
"DD";32,5;26,7738095238095
"DD";32,9;11,5333333333333
"DD";43;9,66666666666667
"DE";10;2646,68538961039
"DE";10,5;228,083333333333
"DE";11;448,892857142857
"DE";12;485,915151515152
"DE";13;2816,03519119769
"DE";14;527,497222222222
"DE";15;1020,13333333333
"DE";16;697,259523809524
"DE";17;1334,33373015873
"DE";18,1;1016,89035714286
"DE";19;1004,60595238095
"DE";20,1;38269,625129277
"DE";20,2;3361,60751633987
"DE";20,3;2236,63984699941
"DE";20,4;2018,32698412698
"DE";20,42;522,570833333333
"DE";20,5;2633,74060846561
"DE";20,51;1657,54523809524
"DE";20,6;329,197751322751
"DE";21;17903,5060733384
"DE";22;8417,75195017401
"DE";22,1;106,933333333333
"DE";22,2;936,625793650794
"DE";23;1273,79856994313
"DE";23,1;1585,37222222222
"DE";23,3;1536,22083333333
"DE";23,42;436,509523809524
"DE";23,5;2686,00825396825
"DE";24;6258,9781406502
"DE";24,46;18,3666666666667
"DE";25,1;1641,35952380952
"DE";25,2;1404,39682539683
"DE";25,3;1582,27142857143
"DE";25,4;2730,19166666667
"DE";25,5;350,834523809524
"DE";25,6;973,243253968254
"DE";25,7;8453,24325396825
"DE";25,9;3039,60119047619
"DE";25,94;761,352380952381
"DE";26,1;13058,5187999909
"DE";26,11;6,30952380952381
"DE";26,2;3412,9483495671
"DE";26,3;18773,2375966626
"DE";26,4;3038,18253968254
"DE";26,5;20226,6202838828
"DE";26,51;4302,99325396825
"DE";26,52;1051,19166666667
"DE";26,6;1490,4
"DE";26,7;6844,68142857143
"DE";26,8;903,780899470899
"DE";27,1;4238,19225801432
"DE";27,12;1853,17341269841
"DE";27,2;1319,41762477718
"DE";27,3;1802,39793650794
"DE";27,33;11977,9476190476
"DE";27,4;1982,85952380952
"DE";27,5;13085,4869047619
"DE";27,9;5400,27619047619
"DE";28,1;26120,5659052005
"DE";28,11;3108,43115079365
"DE";28,14;951,683333333333
"DE";28,21;1277,21527777778
"DE";28,22;3418,8606442577
"DE";28,23;10015,5337103175
"DE";28,25;3453,48520923521
"DE";28,29;22316,7760603231
"DE";28,3;8337,67857142857
"DE";28,4;21441,4890172736
"DE";28,9;32361,6599435695
"DE";28,92;2058,32222222222
"DE";28,94;6371,70846560847
"DE";28,95;556,624603174603
"DE";28,99;3552,1710978836
"DE";29,1;34122,2807200153
"DE";29,3;137,778104575163
"DE";30;8107,48948023654
"DE";31;4738,1
"DE";32;13960,2722222222
"DE";32,5;13761,1488816739
"DE";32,9;10295,1106863452
"DE";42,2;802,583333333333
"DE";42,91;653,690740740741
"DE";43;11539,9766534392
"DE";62;65
"DK";10;285,352777777778
"DK";10,5;63,8333333333333
"DK";11;16,45
"DK";12;19,3333333333333
"DK";13;42,2095238095238
"DK";14;30,2
"DK";15;24,4
"DK";16;27,15
"DK";17;48,6357142857143
"DK";18,1;36,3095238095238
"DK";19;54,3166666666667
"DK";20,1;431,283333333333
"DK";20,2;53,0666666666667
"DK";20,3;57,75
"DK";20,4;61,7
"DK";20,42;4,25
"DK";20,5;53,2555555555556
"DK";20,51;16,6666666666667
"DK";20,6;2,11666666666667
"DK";21;902,629906204906
"DK";22;199,581746031746
"DK";22,1;0,111111111111111
"DK";22,2;11,2
"DK";23;34,5484126984127
"DK";23,1;38,9166666666667
"DK";23,3;78,8333333333333
"DK";23,42;8,25
"DK";23,5;132,775
"DK";24;40,325
"DK";25,1;31,5
"DK";25,2;52,75
"DK";25,3;1,5
"DK";25,4;31,5333333333333
"DK";25,5;2,75
"DK";25,6;1,83333333333333
"DK";25,7;341,3
"DK";25,9;154,916666666667
"DK";25,94;35,8333333333333
"DK";26,1;96,3261904761905
"DK";26,2;44,55
"DK";26,3;277,084523809524
"DK";26,4;22,95
"DK";26,5;514,409126984127
"DK";26,51;86,5
"DK";26,52;10,3333333333333
"DK";26,6;39,9761904761905
"DK";26,7;106,136111111111
"DK";26,8;3,5
"DK";27,1;92,6166666666667
"DK";27,12;26,45
"DK";27,2;51
"DK";27,3;18,4166666666667
"DK";27,33;226,394444444444
"DK";27,4;78,6428571428571
"DK";27,5;437,346825396825
"DK";27,9;65,55
"DK";28,1;736,058333333333
"DK";28,11;37,5333333333333
"DK";28,14;32,1166666666667
"DK";28,21;44,5
"DK";28,22;100,116666666667
"DK";28,23;193,309523809524
"DK";28,25;169,225
"DK";28,29;814,364285714286
"DK";28,3;826,116666666667
"DK";28,4;370,858333333333
"DK";28,9;1037,64285714286
"DK";28,92;28,75
"DK";28,94;66,05
"DK";28,95;7,56666666666667
"DK";28,99;125,883333333333
"DK";29,1;378,445238095238
"DK";30;273,783333333333
"DK";31;304,5
"DK";32;527,45
"DK";32,5;618,619841269841
"DK";32,9;463,49126984127
"DK";42,2;17,8333333333333
"DK";42,91;50,5833333333333
"DK";43;581,233333333333
"DK";62;1
"DO";15;1,5
"DO";20,1;0,666666666666667
"DO";20,2;0,333333333333333
"DO";20,4;0,125
"DO";20,42;0,125
"DO";21;0,458333333333333
"DO";24;0,666666666666667
"DO";26,4;1
"DO";27,5;0,25
"DO";28,1;1
"DO";28,25;0,25
"DO";28,9;1,33333333333333
"DO";28,99;0,666666666666667
"DO";29,1;0,125
"DO";32,5;1,5
"DZ";20,1;2,5
"DZ";20,2;0,25
"DZ";20,5;0,25
"DZ";21;1
"DZ";22;0,0833333333333333
"DZ";25,1;0,0833333333333333
"DZ";27,33;1
"DZ";28,1;0,5
"DZ";28,99;0,166666666666667
"DZ";32,5;1
"EC";20,1;0,125
"EC";20,2;0,333333333333333
"EC";21;4
"EC";25,9;0,166666666666667
"EC";26,2;0,125
"EC";27,33;0,5
"EC";28,1;0,166666666666667
"EC";28,23;0,5
"EC";28,29;0,333333333333333
"EC";28,3;0,5
"EC";28,9;0,5
"EC";29,1;1
"EC";30;1
"EC";32;1
"EC";32,5;2
"EC";32,9;1
"EC";43;3
"EG";10;0,5
"EG";19;0,75
"EG";20,1;2,41666666666667
"EG";20,2;0,333333333333333
"EG";20,4;0,166666666666667
"EG";20,42;0,166666666666667
"EG";21;3,16666666666667
"EG";25,2;1
"EG";25,7;1
"EG";26,1;0,25
"EG";26,2;0,5
"EG";26,3;0,833333333333333
"EG";26,5;0,666666666666667
"EG";26,51;2
"EG";28,29;0,333333333333333
"EG";28,9;0,25
"EG";28,99;0,583333333333333
"EG";29,1;2
"EG";30;1
"EG";32;2
"EG";32,5;5,25
"EG";43;1
"ES";10;63,875
"ES";11;3,66666666666667
"ES";12;1,83333333333333
"ES";13;14,5416666666667
"ES";14;1,5
"ES";15;11
"ES";16;2
"ES";17;8,75
"ES";18,1;13,5357142857143
"ES";19;6
"ES";20,1;171,144444444444
"ES";20,2;16,2611111111111
"ES";20,3;10,75
"ES";20,4;21,8194444444444
"ES";20,42;2,19444444444444
"ES";20,5;16
"ES";20,51;12
"ES";20,6;1,06666666666667
"ES";21;324,377777777778
"ES";22;51,9583333333333
"ES";22,2;1,5
"ES";23;9,03571428571429
"ES";23,1;10,85
"ES";23,3;15,3666666666667
"ES";23,42;6,83333333333333
"ES";23,5;17,5166666666667
"ES";24;35,8333333333333
"ES";25,1;17,1
"ES";25,2;7,03333333333333
"ES";25,3;2,16666666666667
"ES";25,4;22
"ES";25,5;1,16666666666667
"ES";25,6;6,16666666666667
"ES";25,7;70,5833333333333
"ES";25,9;26,1666666666667
"ES";25,94;7,5
"ES";26,1;51,7357142857143
"ES";26,2;21,1979166666667
"ES";26,3;153,652380952381
"ES";26,4;14,0833333333333
"ES";26,5;67,7625
"ES";26,51;26,3166666666667
"ES";26,52;1
"ES";26,6;6,5
"ES";26,7;16,6666666666667
"ES";26,8;1,29166666666667
"ES";27,1;18,5
"ES";27,12;6,33333333333333
"ES";27,2;17,0333333333333
"ES";27,3;4,54166666666667
"ES";27,33;56,4083333333333
"ES";27,4;16,0333333333333
"ES";27,5;120,683333333333
"ES";27,9;32,0833333333333
"ES";28,1;149,866666666667
"ES";28,11;8,83333333333333
"ES";28,14;9
"ES";28,21;7,35
"ES";28,22;15,6666666666667
"ES";28,23;103,962797619048
"ES";28,25;10,4
"ES";28,29;105,527380952381
"ES";28,3;88,3666666666667
"ES";28,4;123,783333333333
"ES";28,9;267,908333333333
"ES";28,92;8
"ES";28,94;78,5833333333333
"ES";28,95;2
"ES";28,99;21,6166666666667
"ES";29,1;157,033333333333
"ES";30;35,5
"ES";31;48,4166666666667
"ES";32;153,666666666667
"ES";32,5;89,7277777777778
"ES";32,9;97,7440476190476
"ES";42,2;5,33333333333333
"ES";42,91;6
"ES";43;96,7
"ES";62;1,03333333333333
"ET";21;1
"ET";26,1;0,5
"ET";26,2;0,5
"ET";30;0,5
"FI";10;199,233333333333
"FI";10,5;37
"FI";11;11,75
"FI";12;14,6666666666667
"FI";13;44,7833333333333
"FI";14;53,3666666666667
"FI";15;43,5
"FI";16;100,5
"FI";17;322,066666666667
"FI";18,1;55,1166666666667
"FI";19;35,9166666666667
"FI";20,1;706,423412698413
"FI";20,2;33,6666666666667
"FI";20,3;44,2595238095238
"FI";20,4;16,1666666666667
"FI";20,42;3,5
"FI";20,5;84,8333333333333
"FI";20,51;32,3333333333333
"FI";20,6;7,33333333333333
"FI";21;320,238095238095
"FI";22;315,487301587302
"FI";22,2;7,61666666666667
"FI";23;86,0789682539683
"FI";23,1;90,1916666666667
"FI";23,3;147,2
"FI";23,42;36,8333333333333
"FI";23,5;83,5833333333333
"FI";24;187,727777777778
"FI";24,46;0,833333333333333
"FI";25,1;49,3611111111111
"FI";25,2;99,35
"FI";25,3;15,5
"FI";25,4;87,5
"FI";25,5;3,83333333333333
"FI";25,6;15,5
"FI";25,7;433,95
"FI";25,9;97,5166666666667
"FI";25,94;46,9166666666667
"FI";26,1;121,775
"FI";26,2;53,8666666666667
"FI";26,3;215,116666666667
"FI";26,4;28,8166666666667
"FI";26,5;897,833333333333
"FI";26,51;141,483333333333
"FI";26,52;7
"FI";26,6;37,4166666666667
"FI";26,7;80,3333333333333
"FI";26,8;2,7
"FI";27,1;83,5
"FI";27,12;28,7833333333333
"FI";27,2;40,5416666666667
"FI";27,3;50,4083333333333
"FI";27,33;224,25
"FI";27,4;76,7
"FI";27,5;541,325
"FI";27,9;80,7
"FI";28,1;851,77619047619
"FI";28,11;73,1666666666667
"FI";28,14;67,5833333333333
"FI";28,21;43,4444444444444
"FI";28,22;216,75
"FI";28,23;142,283333333333
"FI";28,25;402,416666666667
"FI";28,29;1465,5
"FI";28,3;1143,68333333333
"FI";28,4;915,505555555556
"FI";28,9;1817,95674603175
"FI";28,92;107,666666666667
"FI";28,94;60,1166666666667
"FI";28,95;585,866666666667
"FI";28,99;297,266666666667
"FI";29,1;1024,86666666667
"FI";29,3;1
"FI";30;558,166666666667
"FI";31;233,75
"FI";32;892,137301587302
"FI";32,5;709,5
"FI";32,9;385,583333333333
"FI";42,2;82,25
"FI";42,91;136,583333333333
"FI";43;984,866666666667
"FI";62;0,5
"FR";10;769,076190476191
"FR";10,5;83,6583333333333
"FR";11;112,67619047619
"FR";12;26,7333333333333
"FR";13;295,296428571429
"FR";14;106,135714285714
"FR";15;307,15
"FR";16;45,5666666666667
"FR";17;242,516666666667
"FR";18,1;164,769444444444
"FR";19;313,862698412698
"FR";20,1;4884,42036056049
"FR";20,2;292,716287878788
"FR";20,3;144,178675856307
"FR";20,4;424,752994227994
"FR";20,42;268,089880952381
"FR";20,5;345,008928571429
"FR";20,51;393,863095238095
"FR";20,6;43,5912698412698
"FR";21;4128,64565295815
"FR";22;1171,93978696742
"FR";22,1;7,4
"FR";22,2;52,9916666666667
"FR";23;212,098120300752
"FR";23,1;403,488888888889
"FR";23,3;169,283333333333
"FR";23,42;65,9621212121212
"FR";23,5;392,368055555556
"FR";24;1095,84692982456
"FR";24,46;2,16666666666667
"FR";25,1;219,499801587302
"FR";25,2;231,645634920635
"FR";25,3;472,291666666667
"FR";25,4;504,733333333333
"FR";25,5;54,4444444444444
"FR";25,6;91,9833333333333
"FR";25,7;1130,03333333333
"FR";25,9;491,709523809524
"FR";25,94;174,916666666667
"FR";26,1;2094,22312030075
"FR";26,11;1,16666666666667
"FR";26,2;867,27619047619
"FR";26,3;2823,5793956044
"FR";26,4;421,40119047619
"FR";26,5;3031,48194444444
"FR";26,51;700,785714285714
"FR";26,52;101,333333333333
"FR";26,6;211,866666666667
"FR";26,7;852,670634920635
"FR";26,8;54,5
"FR";27,1;428,833834586466
"FR";27,12;244,196929824561
"FR";27,2;264,07589807853
"FR";27,3;217,961904761905
"FR";27,33;1795,15634920635
"FR";27,4;292,488095238095
"FR";27,5;1668,14761904762
"FR";27,9;706,342564745196
"FR";28,1;3163,51776315789
"FR";28,11;313,841666666667
"FR";28,14;89,1621212121212
"FR";28,21;163,3625
"FR";28,22;501,005263157895
"FR";28,23;1186,05238095238
"FR";28,25;505,605555555556
"FR";28,29;2743,75865421129
"FR";28,3;1354,09108946609
"FR";28,4;2123,34970760234
"FR";28,9;3711,3292710944
"FR";28,92;262,05
"FR";28,94;573,853571428571
"FR";28,95;45,4972222222222
"FR";28,99;472,530772005772
"FR";29,1;3324,38482664996
"FR";29,3;12,5552631578947
"FR";30;1268,98264411028
"FR";31;675,7
"FR";32;2056,47619047619
"FR";32,5;2066,66847041847
"FR";32,9;2205,93105680869
"FR";42,2;58,1621212121212
"FR";42,91;156,32619047619
"FR";43;1597,15476190476
"FR";62;29,2083333333333
"GA";18,1;0,5
"GA";28,23;0,5
"GA";28,9;1
"GA";32;1
"GA";43;1
"GB";10;518,133333333333
"GB";10,5;25,5833333333333
"GB";11;75,9511904761905
"GB";12;137,467857142857
"GB";13;267,279365079365
"GB";14;134,445238095238
"GB";15;132,75
"GB";16;26,1166666666667
"GB";17;187,879166666667
"GB";18,1;246,618650793651
"GB";19;231,630555555556
"GB";20,1;3124,64662698413
"GB";20,2;530,005357142857
"GB";20,3;215,048611111111
"GB";20,4;441,128968253968
"GB";20,42;96,7289682539682
"GB";20,5;319,131547619048
"GB";20,51;216,2
"GB";20,6;30,9666666666667
"GB";21;3455,39193722944
"GB";22;1119,65416666667
"GB";22,1;10,3333333333333
"GB";22,2;46,7638888888889
"GB";23;251,605793650794
"GB";23,1;294,834523809524
"GB";23,3;147,663888888889
"GB";23,42;86
"GB";23,5;301,980357142857
"GB";24;626,582142857143
"GB";24,46;2,625
"GB";25,1;181,893055555556
"GB";25,2;95,3722222222222
"GB";25,3;82,3690476190476
"GB";25,4;385,589583333333
"GB";25,5;40,8061904761905
"GB";25,6;121,116666666667
"GB";25,7;1216,10238095238
"GB";25,9;490,102579365079
"GB";25,94;190,15
"GB";26,1;1478,10341269841
"GB";26,11;0,388888888888889
"GB";26,2;897,929797979798
"GB";26,3;2993,2481456044
"GB";26,4;361,044841269841
"GB";26,5;3227,00838675214
"GB";26,51;596,839682539682
"GB";26,52;105,15
"GB";26,6;115,566666666667
"GB";26,7;908,7
"GB";26,8;105,602380952381
"GB";27,1;280,125
"GB";27,12;106,644444444444
"GB";27,2;206,025
"GB";27,3;163,223055555556
"GB";27,33;1150,59166666667
"GB";27,4;232,928571428571
"GB";27,5;1777,99305555556
"GB";27,9;498,053968253968
"GB";28,1;2733,1996031746
"GB";28,11;340,8
"GB";28,14;173,2
"GB";28,21;79,6305555555556
"GB";28,22;329,808333333333
"GB";28,23;1478,51626984127
"GB";28,25;366,833333333333
"GB";28,29;2326,28432539683
"GB";28,3;1396,77619047619
"GB";28,4;2078,50406746032
"GB";28,9;3659,51333333333
"GB";28,92;303,311111111111
"GB";28,94;521,895238095238
"GB";28,95;44,5833333333333
"GB";28,99;417,656944444444
"GB";29,1;3067,53333333333
"GB";29,3;12
"GB";30;1206,55138888889
"GB";31;746,508333333333
"GB";32;2699,7744047619
"GB";32,5;2035,41984126984
"GB";32,9;2086,59404761905
"GB";42,2;89,75
"GB";42,91;130,820833333333
"GB";43;1545,7875
"GB";62;21,0333333333333
"GC";26,3;1
"GC";27,33;1
"GC";32;1
"GH";21;1
"GH";24;1
"GH";26,1;0,5
"GL";13;0,333333333333333
"GL";25,4;0,333333333333333
"GL";26,3;0,333333333333333
"GN";20,1;0,125
"GN";24;0,125
"GN";28,4;2
"GN";29,1;1
"GR";10;9,83333333333333
"GR";11;1
"GR";12;4,5
"GR";13;1,08333333333333
"GR";14;4,5
"GR";15;4,5
"GR";16;0,833333333333333
"GR";17;1,83333333333333
"GR";18,1;2,25
"GR";19;3
"GR";20,1;49,3666666666667
"GR";20,2;5,7
"GR";20,3;0,333333333333333
"GR";20,4;1,41666666666667
"GR";20,5;2,83333333333333
"GR";20,51;0,5
"GR";20,6;1
"GR";21;47,8583333333333
"GR";22;7,83333333333333
"GR";23;0,5
"GR";23,3;2
"GR";23,5;2,5
"GR";24;10,3333333333333
"GR";25,1;2,75
"GR";25,2;9,33333333333333
"GR";25,4;1,5
"GR";25,6;0,25
"GR";25,7;8,75
"GR";25,9;3,16666666666667
"GR";26,1;2
"GR";26,2;3,83333333333333
"GR";26,3;15,3333333333333
"GR";26,4;0,5
"GR";26,5;9,43333333333333
"GR";26,51;3,75
"GR";26,52;0,2
"GR";26,6;6,5
"GR";26,7;2,83333333333333
"GR";26,8;0,5
"GR";27,1;1,5
"GR";27,12;1,5
"GR";27,2;1
"GR";27,3;0,333333333333333
"GR";27,33;6,5
"GR";27,4;1,33333333333333
"GR";27,5;19,3333333333333
"GR";27,9;1,43333333333333
"GR";28,1;28,3333333333333
"GR";28,11;7,33333333333333
"GR";28,14;4
"GR";28,21;0,5
"GR";28,23;7,225
"GR";28,25;2,83333333333333
"GR";28,29;18,3666666666667
"GR";28,3;23,3333333333333
"GR";28,4;16,5
"GR";28,9;17,8333333333333
"GR";28,92;2
"GR";28,94;3,66666666666667
"GR";28,95;1
"GR";28,99;6
"GR";29,1;32,3333333333333
"GR";30;11
"GR";31;4
"GR";32;23,5833333333333
"GR";32,5;34,4833333333333
"GR";32,9;13,9833333333333
"GR";42,2;6
"GR";43;21,6666666666667
"GR";62;0,1
"GT";10;0,5
"GT";12;0,5
"GT";20,1;2
"GT";20,4;1
"GT";21;2
"GT";26,5;1,11111111111111
"GT";28,29;0,111111111111111
"GT";28,3;1
"GT";32,5;0,611111111111111
"GT";32,9;2,5
"GT";43;0,5
"GY";21;1,5
"GY";23,5;1
"HK";10;6,91666666666667
"HK";11;0,333333333333333
"HK";12;2
"HK";13;2
"HK";14;3,83333333333333
"HK";15;1
"HK";17;3
"HK";18,1;3,41666666666667
"HK";19;1
"HK";20,1;5,4
"HK";20,2;0,333333333333333
"HK";20,3;1,66666666666667
"HK";20,4;1,66666666666667
"HK";20,42;0,666666666666667
"HK";20,5;4,5
"HK";20,51;1
"HK";20,6;1
"HK";21;5,78333333333333
"HK";22;3,5
"HK";23;0,5
"HK";24;1,5
"HK";25,1;6,5
"HK";25,2;1
"HK";25,4;6,91666666666667
"HK";25,6;2,33333333333333
"HK";25,7;14,5
"HK";25,9;1,5
"HK";26,1;12,5
"HK";26,2;8,08333333333333
"HK";26,3;18,5833333333333
"HK";26,4;2,04166666666667
"HK";26,5;7,08333333333333
"HK";26,51;2,83333333333333
"HK";26,52;18,6666666666667
"HK";26,6;0,5
"HK";26,7;43,5833333333333
"HK";26,8;0,25
"HK";27,1;62,5
"HK";27,12;0,5
"HK";27,2;6,33333333333333
"HK";27,33;46,5833333333333
"HK";27,4;15,75
"HK";27,5;62,75
"HK";27,9;7,16666666666667
"HK";28,1;13,1666666666667
"HK";28,14;1
"HK";28,22;2
"HK";28,23;24,875
"HK";28,25;4,75
"HK";28,29;8,75
"HK";28,3;7
"HK";28,4;10,1666666666667
"HK";28,9;20,75
"HK";28,99;0,416666666666667
"HK";29,1;8,66666666666667
"HK";30;12,8333333333333
"HK";31;8,5
"HK";32;118,194444444444
"HK";32,5;17,5
"HK";32,9;20,9
"HK";42,2;2
"HK";43;6
"HN";10;1
"HN";30;1
"HN";31;1
"HN";32,5;1
"HR";10;2
"HR";21;0,142857142857143
"HR";23;0,5
"HR";28,4;1
"HT";22;2
"HT";31;5,5
"HT";32;3,5
"HU";10;934,833333333333
"HU";10,5;32,5
"HU";11;93,8333333333333
"HU";12;15,5
"HU";13;61,7333333333333
"HU";14;13
"HU";15;28,8333333333333
"HU";16;13,25
"HU";17;16,4833333333333
"HU";18,1;18,3333333333333
"HU";19;76,75
"HU";20,1;2288,1649859944
"HU";20,2;483,638795518207
"HU";20,3;80
"HU";20,4;95,25
"HU";20,42;24,1333333333333
"HU";20,5;254,4
"HU";20,51;11,4166666666667
"HU";20,6;1,91666666666667
"HU";21;2437,8776844071
"HU";22;183,136363636364
"HU";22,1;1,5
"HU";22,2;14,5
"HU";23;70,95
"HU";23,1;72,5
"HU";23,3;86,7833333333333
"HU";23,42;35,8333333333333
"HU";23,5;251,342857142857
"HU";24;354,092857142857
"HU";24,46;4
"HU";25,1;43,3333333333333
"HU";25,2;108,116666666667
"HU";25,3;30,25
"HU";25,4;25,6666666666667
"HU";25,5;21,8333333333333
"HU";25,6;55,5
"HU";25,7;242,583333333333
"HU";25,9;77,8666666666667
"HU";25,94;31,5
"HU";26,1;420,583333333333
"HU";26,2;317,041666666667
"HU";26,3;791,7
"HU";26,4;197,416666666667
"HU";26,5;1454,86944444444
"HU";26,51;334,325
"HU";26,52;12,25
"HU";26,6;63,15
"HU";26,7;124,858333333333
"HU";26,8;27,6666666666667
"HU";27,1;150,916666666667
"HU";27,12;66,2833333333333
"HU";27,2;72,4666666666667
"HU";27,3;69,5833333333333
"HU";27,33;212,833333333333
"HU";27,4;65,6666666666667
"HU";27,5;361,833333333333
"HU";27,9;358,908333333333
"HU";28,1;867,158333333333
"HU";28,11;64,3666666666667
"HU";28,14;14,8333333333333
"HU";28,21;68,3333333333333
"HU";28,22;146,833333333333
"HU";28,23;263,533333333333
"HU";28,25;265,816666666667
"HU";28,29;1204,8
"HU";28,3;1069,5880952381
"HU";28,4;552,366666666667
"HU";28,9;1374,2446969697
"HU";28,92;61,7
"HU";28,94;79,4166666666667
"HU";28,95;2,5
"HU";28,99;212,066666666667
"HU";29,1;592,241666666667
"HU";29,3;3,66666666666667
"HU";30;136,333333333333
"HU";31;106,75
"HU";32;722,75
"HU";32,5;571,641666666667
"HU";32,9;260,116666666667
"HU";42,2;65,8333333333333
"HU";42,91;84,5833333333333
"HU";43;1055,7
"HU";62;2,08333333333333
"ID";10;0,0555555555555556
"ID";12;1,5
"ID";17;0,25
"ID";19;0,25
"ID";20,1;2,20833333333333
"ID";20,3;0,125
"ID";20,5;0,305555555555556
"ID";21;0,2
"ID";23;0,5
"ID";23,1;0,25
"ID";23,5;0,5
"ID";24;0,333333333333333
"ID";26,1;0,5
"ID";26,3;2
"ID";26,5;2,83333333333333
"ID";26,51;1
"ID";27,5;0,5
"ID";28,1;1
"ID";28,29;0,25
"ID";28,3;4
"ID";28,9;7,41666666666667
"ID";28,92;0,5
"ID";29,1;2
"ID";30;1
"ID";43;1,5
"IE";10;14,6166666666667
"IE";11;0,833333333333333
"IE";12;1,125
"IE";13;1,5
"IE";14;3,16666666666667
"IE";16;0,833333333333333
"IE";17;1,125
"IE";18,1;2,45833333333333
"IE";19;2,5
"IE";20,1;27,425
"IE";20,2;1
"IE";20,3;1,5
"IE";20,4;1,25
"IE";20,42;1,25
"IE";20,5;17,3166666666667
"IE";20,51;3,16666666666667
"IE";21;31,2583333333333
"IE";22;2,66666666666667
"IE";23;2,08333333333333
"IE";23,3;0,5
"IE";23,42;0,5
"IE";23,5;0,0833333333333333
"IE";24;3,04583333333333
"IE";25,1;0,3125
"IE";25,2;1
"IE";25,4;2,79166666666667
"IE";25,5;0,0833333333333333
"IE";25,7;7,5
"IE";25,9;3,11666666666667
"IE";25,94;2
"IE";26,1;14,875
"IE";26,2;5,91666666666667
"IE";26,3;20,6666666666667
"IE";26,4;1
"IE";26,5;19,9166666666667
"IE";26,51;1,25
"IE";26,6;1,5
"IE";26,7;0,25
"IE";26,8;0,125
"IE";27,1;3
"IE";27,12;0,25
"IE";27,2;0,0833333333333333
"IE";27,3;0,333333333333333
"IE";27,33;6,08333333333333
"IE";27,4;11
"IE";27,5;15,7416666666667
"IE";27,9;1,33333333333333
"IE";28,1;9,16666666666667
"IE";28,14;0,666666666666667
"IE";28,21;0,25
"IE";28,22;1,25
"IE";28,23;21,9583333333333
"IE";28,25;1,33333333333333
"IE";28,29;21,2333333333333
"IE";28,3;15
"IE";28,4;24,5416666666667
"IE";28,9;41,9416666666667
"IE";28,92;1,56666666666667
"IE";28,94;4,16666666666667
"IE";28,99;4,08333333333333
"IE";29,1;21,2857142857143
"IE";30;5,33333333333333
"IE";31;10,3333333333333
"IE";32;14,8333333333333
"IE";32,5;29,1666666666667
"IE";32,9;18,0416666666667
"IE";42,2;0,25
"IE";42,91;1
"IE";43;15,6166666666667
"IL";10;38,8845238095238
"IL";10,5;7
"IL";11;3,83333333333333
"IL";12;1,16666666666667
"IL";13;3,66666666666667
"IL";14;0,25
"IL";15;4
"IL";17;4,33333333333333
"IL";18,1;5,58333333333333
"IL";19;0,5
"IL";20,1;218,703174603175
"IL";20,2;26,6845238095238
"IL";20,3;1,25
"IL";20,4;4,36666666666667
"IL";20,42;3,03333333333333
"IL";20,5;18,4261904761905
"IL";20,51;23,1666666666667
"IL";21;326,117857142857
"IL";22;21,8388888888889
"IL";22,1;1
"IL";22,2;0,938888888888889
"IL";23;3,83333333333333
"IL";23,1;5,55
"IL";23,3;0,5
"IL";23,42;9,5
"IL";23,5;2,44583333333333
"IL";24;18,15
"IL";25,1;1
"IL";25,2;38,5833333333333
"IL";25,3;9,5
"IL";25,4;30,5833333333333
"IL";25,5;1,66666666666667
"IL";25,6;13,5833333333333
"IL";25,7;16,5833333333333
"IL";25,9;5,16666666666667
"IL";25,94;6
"IL";26,1;51,9646367521368
"IL";26,11;0,5
"IL";26,2;44,624358974359
"IL";26,3;115,98050976801
"IL";26,4;16,3819444444444
"IL";26,5;185,842063492063
"IL";26,51;22,6603174603175
"IL";26,52;2,22222222222222
"IL";26,6;17,2416666666667
"IL";26,7;34,4492063492063
"IL";26,8;1
"IL";27,1;11
"IL";27,12;3,625
"IL";27,2;21
"IL";27,3;0,666666666666667
"IL";27,33;9,375
"IL";27,4;5
"IL";27,5;28,95
"IL";27,9;10,4166666666667
"IL";28,1;106,5
"IL";28,11;21,25
"IL";28,14;2,83333333333333
"IL";28,21;1,66666666666667
"IL";28,22;4,83333333333333
"IL";28,23;46,1513888888889
"IL";28,25;18,25
"IL";28,29;197,383333333333
"IL";28,3;109,233333333333
"IL";28,4;88,75
"IL";28,9;72,6791666666667
"IL";28,92;0,65
"IL";28,94;17,5
"IL";28,95;0,333333333333333
"IL";28,99;17,3472222222222
"IL";29,1;50,1166666666667
"IL";29,3;0,333333333333333
"IL";30;17,1166666666667
"IL";31;19
"IL";32;70,5
"IL";32,5;189,319841269841
"IL";32,9;41,2222222222222
"IL";42,2;5,5
"IL";42,91;9,31666666666667
"IL";43;24,5666666666667
"IL";62;0,833333333333333
"IN";10;181,279166666667
"IN";10,5;5,5
"IN";11;8,5
"IN";12;32
"IN";13;108,716666666667
"IN";14;6
"IN";15;11
"IN";16;1,33333333333333
"IN";17;38,15
"IN";18,1;20,1666666666667
"IN";19;97,9166666666667
"IN";20,1;1489,8458855472
"IN";20,2;53,5611111111111
"IN";20,3;43,9859649122807
"IN";20,4;79,6954545454545
"IN";20,42;4,96666666666667
"IN";20,5;189,577777777778
"IN";20,51;49,0833333333333
"IN";20,6;10,25
"IN";21;381,850198412698
"IN";22;98,319298245614
"IN";22,1;6,83333333333333
"IN";22,2;2,48333333333333
"IN";23;37,5804093567251
"IN";23,1;58,9
"IN";23,3;40,8333333333333
"IN";23,42;37,3333333333333
"IN";23,5;158,65
"IN";24;331,635964912281
"IN";25,1;51,3333333333333
"IN";25,2;59,5
"IN";25,3;0,5
"IN";25,4;9,66666666666667
"IN";25,5;18,25
"IN";25,6;20,3333333333333
"IN";25,7;57
"IN";25,9;36,8333333333333
"IN";25,94;13,5
"IN";26,1;117,935964912281
"IN";26,2;54,5333333333333
"IN";26,3;167,033333333333
"IN";26,4;32,8333333333333
"IN";26,5;315,908333333333
"IN";26,51;122,5
"IN";26,52;12
"IN";26,6;16,1666666666667
"IN";26,7;71,0666666666667
"IN";26,8;16,4166666666667
"IN";27,1;132,302631578947
"IN";27,12;26,8859649122807
"IN";27,2;24,219298245614
"IN";27,3;42,5833333333333
"IN";27,33;191,666666666667
"IN";27,4;59,8666666666667
"IN";27,5;264,45
"IN";27,9;71,669298245614
"IN";28,1;505,919298245614
"IN";28,11;31,9166666666667
"IN";28,14;7,66666666666667
"IN";28,21;71,45
"IN";28,22;41,3859649122807
"IN";28,23;85,0333333333333
"IN";28,25;56,25
"IN";28,29;463,313742690058
"IN";28,3;103,616666666667
"IN";28,4;346,695488721805
"IN";28,9;657,448086124402
"IN";28,92;15,8333333333333
"IN";28,94;283,75
"IN";28,95;6,7
"IN";28,99;84,3611111111111
"IN";29,1;337,094298245614
"IN";29,3;0,0526315789473684
"IN";30;200,802631578947
"IN";31;68,0833333333333
"IN";32;210,666666666667
"IN";32,5;273,427777777778
"IN";32,9;183,535964912281
"IN";42,2;29,3333333333333
"IN";42,91;35,3333333333333
"IN";43;149,583333333333
"IQ";10;1
"IQ";20,1;1,375
"IQ";20,5;0,333333333333333
"IQ";21;0,125
"IQ";23,5;1
"IQ";24;0,333333333333333
"IQ";25,3;1
"IQ";28,29;0,25
"IQ";28,9;0,333333333333333
"IQ";32,5;2
"IQ";32,9;1
"IQ";43;2
"IR";10;0,5
"IR";20,1;2,83333333333333
"IR";20,2;0,0833333333333333
"IR";20,4;0,0833333333333333
"IR";20,42;0,0833333333333333
"IR";21;2,58333333333333
"IR";22;0,5
"IR";23;1
"IR";24;0,75
"IR";25,2;2
"IR";26,1;0,0833333333333333
"IR";26,3;2,5
"IR";26,5;3,6547619047619
"IR";26,51;1,5
"IR";26,7;0,5
"IR";27,2;0,0833333333333333
"IR";27,33;0,0833333333333333
"IR";27,5;1
"IR";27,9;0,0833333333333333
"IR";28,1;4
"IR";28,11;1
"IR";28,4;0,5
"IR";28,9;1,75
"IR";29,1;2,07142857142857
"IR";30;2
"IR";32,9;2,5
"IR";42,91;0,5
"IR";43;3
"IS";10;3,5
"IS";14;0,5
"IS";20,1;3,58333333333333
"IS";20,3;1
"IS";21;3,58333333333333
"IS";22;1,33333333333333
"IS";23,5;0,5
"IS";24;6,83333333333333
"IS";25,9;0,333333333333333
"IS";26,2;0,25
"IS";26,3;1,16666666666667
"IS";26,5;2,08333333333333
"IS";26,51;0,333333333333333
"IS";26,7;1
"IS";27,1;1
"IS";27,2;0,5
"IS";27,33;1
"IS";28,1;1
"IS";28,22;1
"IS";28,23;0,0833333333333333
"IS";28,29;3,33333333333333
"IS";28,3;7,66666666666667
"IS";28,4;1,33333333333333
"IS";28,9;24
"IS";28,94;0,5
"IS";28,99;5
"IS";29,1;0,5
"IS";30;7
"IS";31;5
"IS";32;1,33333333333333
"IS";32,5;4,91666666666667
"IS";32,9;3,58333333333333
"IS";42,91;3
"IS";43;4
"IT";10;738,883333333333
"IT";10,5;62,3333333333333
"IT";11;54
"IT";12;78,2
"IT";13;375,25
"IT";14;105,116666666667
"IT";15;593,083333333333
"IT";16;115,833333333333
"IT";17;90,7166666666667
"IT";18,1;104,033333333333
"IT";19;163,225
"IT";20,1;4174,78650793651
"IT";20,2;250,521428571429
"IT";20,3;127,671428571429
"IT";20,4;181,686904761905
"IT";20,42;48,4035714285714
"IT";20,5;352,813888888889
"IT";20,51;97,4166666666667
"IT";20,6;57,6333333333333
"IT";21;4310,1869047619
"IT";22;1270,45
"IT";22,1;13,3333333333333
"IT";22,2;70,6
"IT";23;156,5
"IT";23,1;188,283333333333
"IT";23,3;384,366666666667
"IT";23,42;99,8333333333333
"IT";23,5;397,191666666667
"IT";24;702,142857142857
"IT";24,46;0,5
"IT";25,1;243,85
"IT";25,2;316,783333333333
"IT";25,3;53,3666666666667
"IT";25,4;243,533333333333
"IT";25,5;17,0928571428571
"IT";25,6;82,3166666666667
"IT";25,7;1124,78333333333
"IT";25,9;467,816666666667
"IT";25,94;84,75
"IT";26,1;889,587301587302
"IT";26,11;0,5
"IT";26,2;259,382905982906
"IT";26,3;1411,25277777778
"IT";26,4;242,95
"IT";26,5;1503,95634920635
"IT";26,51;428,175
"IT";26,52;69,25
"IT";26,6;122,375
"IT";26,7;506,319444444444
"IT";26,8;83,7785714285714
"IT";27,1;351,55
"IT";27,12;93,8833333333333
"IT";27,2;154,083333333333
"IT";27,3;184,625
"IT";27,33;739,366666666667
"IT";27,4;159,5
"IT";27,5;2027,4
"IT";27,9;398,833333333333
"IT";28,1;2428,34246031746
"IT";28,11;210,466666666667
"IT";28,14;107,25
"IT";28,21;155,183333333333
"IT";28,22;465,2
"IT";28,23;755,704761904762
"IT";28,25;354,5
"IT";28,29;2198,92857142857
"IT";28,3;1478,41666666667
"IT";28,4;3119,70119047619
"IT";28,9;5254,6623015873
"IT";28,92;113,5
"IT";28,94;1560,13333333333
"IT";28,95;40,6333333333333
"IT";28,99;495,978571428571
"IT";29,1;3750,43055555556
"IT";29,3;8,03333333333333
"IT";30;1382,71666666667
"IT";31;718
"IT";32;1947,63333333333
"IT";32,5;1690,88928571429
"IT";32,9;571,255555555556
"IT";42,2;139,583333333333
"IT";42,91;94,1
"IT";43;1572,275
"IT";62;2,53333333333333
"JA";26,5;1
"JM";14;0,5
"JM";20,1;0,166666666666667
"JM";21;3
"JM";24;0,166666666666667
"JM";26,2;1
"JM";27,5;0,5
"JM";28,1;1
"JM";28,29;0,166666666666667
"JM";28,3;0,5
"JM";28,9;1,5
"JM";32;1
"JM";32,9;0,5
"JM";43;1
"JO";20,1;0,708333333333333
"JO";28,1;0,5
"JO";28,29;0,0416666666666667
"JO";28,4;0,571428571428571
"JO";32,5;0,166666666666667
"JP";10;31457,2515873016
"JP";10,5;82,6166666666667
"JP";11;2090,3130952381
"JP";12;1266,12103174603
"JP";13;12856,4126984127
"JP";14;1714,77261904762
"JP";15;1220,00119047619
"JP";16;3557,89523809524
"JP";17;4855,9619047619
"JP";18,1;16607,9523809524
"JP";19;5023,70238095238
"JP";20,1;172319,047718254
"JP";20,2;9175,85694444445
"JP";20,3;17050,4593253968
"JP";20,4;6917,18928571429
"JP";20,42;3297,56785714286
"JP";20,5;16594,3795634921
"JP";20,51;1055,64404761905
"JP";20,6;5878,0373015873
"JP";21;58387,3250707626
"JP";22;44096,4091269841
"JP";22,1;302,266666666667
"JP";22,2;5929,27817460318
"JP";23;20453,241468254
"JP";23,1;10368,4166666667
"JP";23,3;7644,66071428571
"JP";23,42;1836,85
"JP";23,5;24998,2486111111
"JP";24;69163,1777777778
"JP";24,46;61,6083333333333
"JP";25,1;5099,19285714286
"JP";25,2;6249,6
"JP";25,3;18226,4523809524
"JP";25,4;1336,57619047619
"JP";25,5;5223,64206349206
"JP";25,6;9393,26071428571
"JP";25,7;10418,8837301587
"JP";25,9;4279,08650793651
"JP";25,94;644,966666666667
"JP";26,1;278384,590972916
"JP";26,11;42,2440476190476
"JP";26,2;133499,526479077
"JP";26,3;228991,170328283
"JP";26,4;31861,3325396825
"JP";26,5;133747,331746032
"JP";26,51;37324,5083333333
"JP";26,52;12162,7146825397
"JP";26,6;6012,92261904762
"JP";26,7;65757,4447420635
"JP";26,8;14340,747718254
"JP";27,1;43802,4511904762
"JP";27,12;13327,8095238095
"JP";27,2;24349,4238095238
"JP";27,3;17697,8944444444
"JP";27,33;41377,1428571429
"JP";27,4;6239,60714285714
"JP";27,5;66098,6075396825
"JP";27,9;36974,1087301587
"JP";28,1;99286,8330662393
"JP";28,11;11622,430952381
"JP";28,14;2092,92619047619
"JP";28,21;5886,7246031746
"JP";28,22;17285,6345238095
"JP";28,23;268114,552380952
"JP";28,25;24860,1035714286
"JP";28,29;101877,620665446
"JP";28,3;34687,201984127
"JP";28,4;107277,942857143
"JP";28,9;154652,429166667
"JP";28,92;2773,97023809524
"JP";28,94;26445,9865079365
"JP";28,95;817,744444444444
"JP";28,99;8756,43174603175
"JP";29,1;117154,651587302
"JP";29,3;2391,96785714286
"JP";30;23873,4992063492
"JP";31;5735,33134920635
"JP";32;40099,8178571429
"JP";32,5;41313,7601190476
"JP";32,9;43030,1057539683
"JP";42,2;1504,675
"JP";42,91;5435,08214285714
"JP";43;34600,726984127
"JP";62;4036,60178571429
"KE";10;1
"KE";20,1;0,25
"KE";20,2;0,25
"KE";24;0,111111111111111
"KE";25,94;1
"KE";26,5;0,111111111111111
"KE";26,51;0,111111111111111
"KE";28,9;2
"KE";28,94;1
"KE";29,1;1,25
"KE";30;0,25
"KE";32;0,5
"KE";32,5;0,5
"KI";20,1;0,166666666666667
"KI";21;0,166666666666667
"KI";32,5;0,166666666666667
"KN";26,6;1
"KN";28,1;1
"KP";10;1
"KP";14;1
"KP";20,1;0,833333333333333
"KP";20,2;0,25
"KP";21;3,08333333333333
"KP";22;1
"KP";24;1,25
"KP";26,2;0,9375
"KP";26,3;0,580357142857143
"KP";26,5;0,25
"KP";28,1;3
"KP";28,23;2,5
"KP";29,1;1
"KP";32;1
"KP";32,5;0,25
"KR";10;598,083333333333
"KR";11;83
"KR";12;47
"KR";13;221,866666666667
"KR";14;18,5
"KR";15;37,5
"KR";16;29,8333333333333
"KR";17;60,0833333333333
"KR";18,1;63,3333333333333
"KR";19;131,666666666667
"KR";20,1;1588,40277777778
"KR";20,2;77
"KR";20,3;84,0833333333333
"KR";20,4;102,333333333333
"KR";20,42;31,3333333333333
"KR";20,5;110,75
"KR";20,51;16,5
"KR";20,6;146,583333333333
"KR";21;1531,17222222222
"KR";22;148,75
"KR";22,1;0,5
"KR";22,2;7,66666666666667
"KR";23;69
"KR";23,1;88,3333333333333
"KR";23,3;35,1666666666667
"KR";23,42;7
"KR";23,5;140,916666666667
"KR";24;471,666666666667
"KR";25,1;82,6666666666667
"KR";25,2;20,8333333333333
"KR";25,3;51,8333333333333
"KR";25,4;23,1666666666667
"KR";25,5;23,5
"KR";25,6;63,3333333333333
"KR";25,7;69,5833333333333
"KR";25,9;24,8333333333333
"KR";25,94;8,25
"KR";26,1;1143,04166666667
"KR";26,2;438,5
"KR";26,3;1595,89404761905
"KR";26,4;153,833333333333
"KR";26,5;323,766666666667
"KR";26,51;109,833333333333
"KR";26,52;42,1666666666667
"KR";26,6;9,83333333333333
"KR";26,7;87,3944444444444
"KR";26,8;21,5
"KR";27,1;171,958333333333
"KR";27,12;25,625
"KR";27,2;34,5833333333333
"KR";27,3;60,6666666666667
"KR";27,33;114,5
"KR";27,4;14,75
"KR";27,5;372,5
"KR";27,9;140,416666666667
"KR";28,1;275,5
"KR";28,11;36,8333333333333
"KR";28,14;15,5
"KR";28,21;34
"KR";28,22;80,0833333333333
"KR";28,23;1107,78333333333
"KR";28,25;49,4583333333333
"KR";28,29;318,166666666667
"KR";28,3;173,083333333333
"KR";28,4;432,7
"KR";28,9;564,833333333333
"KR";28,92;16,5
"KR";28,94;501,916666666667
"KR";28,95;19,8333333333333
"KR";28,99;51,5833333333333
"KR";29,1;374,333333333333
"KR";29,3;5,5
"KR";30;111,083333333333
"KR";31;23,3333333333333
"KR";32;344,25
"KR";32,5;134,633333333333
"KR";32,9;115,166666666667
"KR";42,2;10,9166666666667
"KR";42,91;34,25
"KR";43;107,5
"KW";14;0,333333333333333
"KW";19;2
"KW";20,1;7,83333333333333
"KW";20,5;0,5
"KW";21;2,5
"KW";22;1,5
"KW";23;0,333333333333333
"KW";23,5;1,5
"KW";25,4;0,5
"KW";26,2;0,666666666666667
"KW";26,5;1
"KW";28,1;4
"KW";28,23;0,333333333333333
"KW";28,3;1,83333333333333
"KW";28,4;0,333333333333333
"KW";28,9;1,33333333333333
"KW";32,5;5,5
"KW";32,9;1,33333333333333
"KY";20,1;1
"KY";26,5;3,5
"KY";26,51;1
"KY";27,5;3
"KY";28,22;0,25
"KY";28,29;1
"KY";32,5;0,25
"KY";43;1
"LA";28,1;2
"LA";28,22;0,333333333333333
"LA";28,29;0,333333333333333
"LA";28,9;0,333333333333333
"LB";10;1
"LB";15;1
"LB";20,1;0,5
"LB";21;0,5
"LB";22;1
"LB";26,5;2,33333333333333
"LB";28,9;1,5
"LB";32,9;1
"LB";43;6
"LI";10;2
"LI";11;1
"LI";13;0,75
"LI";14;2,93333333333333
"LI";15;18,6666666666667
"LI";16;1
"LI";17;1
"LI";18,1;0,5
"LI";19;0,833333333333333
"LI";20,1;20,8333333333333
"LI";20,3;0,166666666666667
"LI";20,4;1,66666666666667
"LI";20,42;1,33333333333333
"LI";20,5;1,39166666666667
"LI";20,51;5,58333333333333
"LI";21;34,25
"LI";22;11,75
"LI";22,2;0,5
"LI";23;1,35
"LI";23,1;1,16666666666667
"LI";23,3;2
"LI";23,42;3,5
"LI";23,5;7,03333333333333
"LI";24;7,9
"LI";25,1;2,75
"LI";25,2;5,16666666666667
"LI";25,4;9,56666666666667
"LI";25,6;1
"LI";25,7;5
"LI";25,9;79,45
"LI";26,1;17,775
"LI";26,2;1,75
"LI";26,3;13,7222222222222
"LI";26,5;31,875
"LI";26,51;3,83333333333333
"LI";26,52;1,66666666666667
"LI";26,6;1,66666666666667
"LI";26,7;9,47222222222222
"LI";27,1;2,625
"LI";27,12;0,166666666666667
"LI";27,3;1,25
"LI";27,33;7
"LI";27,5;18,4861111111111
"LI";27,9;2,33333333333333
"LI";28,1;31,8333333333333
"LI";28,11;1,5
"LI";28,14;3,16666666666667
"LI";28,21;3,33333333333333
"LI";28,22;1
"LI";28,23;6,06666666666667
"LI";28,25;22,5
"LI";28,29;42,4361111111111
"LI";28,3;9,25
"LI";28,4;107,125
"LI";28,9;68,7083333333333
"LI";28,92;0,583333333333333
"LI";28,94;10,75
"LI";28,99;5,1
"LI";29,1;19,2666666666667
"LI";30;6,83333333333333
"LI";31;11
"LI";32;20,9583333333333
"LI";32,5;26,25
"LI";32,9;37,0416666666667
"LI";42,2;4
"LI";43;18,0333333333333
"LK";20,1;0,5
"LK";25,7;2
"LK";26,2;1
"LR";20,1;1
"LR";25,4;1
"LR";26,7;0,25
"LR";28,4;1
"LR";29,1;1
"LR";32,5;1
"LT";25,6;0,4
"LU";10;2,16666666666667
"LU";11;1
"LU";12;1,33333333333333
"LU";13;9,525
"LU";15;1
"LU";16;0,5
"LU";18,1;1,86666666666667
"LU";19;5,64444444444444
"LU";20,1;38,1666666666667
"LU";20,3;1
"LU";20,4;2,33333333333333
"LU";20,42;0,833333333333333
"LU";20,5;2
"LU";20,51;1
"LU";20,6;1,58333333333333
"LU";21;11,4583333333333
"LU";22;72,2690476190476
"LU";22,2;0,933333333333333
"LU";23;6,64444444444444
"LU";23,1;4,75
"LU";23,3;10
"LU";23,5;9,13888888888889
"LU";24;244,197222222222
"LU";25,1;28,1972222222222
"LU";25,2;9
"LU";25,3;7
"LU";25,4;1,5
"LU";25,5;1,5
"LU";25,6;1,43333333333333
"LU";25,7;13,5
"LU";25,9;4,83333333333333
"LU";26,1;4,83333333333333
"LU";26,3;14,5
"LU";26,5;34,9583333333333
"LU";26,51;5,25
"LU";26,52;0,166666666666667
"LU";26,6;0,5
"LU";26,7;1,16666666666667
"LU";26,8;1
"LU";27,1;5
"LU";27,2;6,5
"LU";27,3;1,33333333333333
"LU";27,33;4,83333333333333
"LU";27,4;2,33333333333333
"LU";27,5;21,8333333333333
"LU";27,9;4,16666666666667
"LU";28,1;28,3333333333333
"LU";28,11;0,5
"LU";28,14;0,5
"LU";28,21;16,5666666666667
"LU";28,22;16,5833333333333
"LU";28,23;5,66666666666667
"LU";28,25;10,1666666666667
"LU";28,29;54,4333333333333
"LU";28,3;6,5
"LU";28,4;28,4166666666667
"LU";28,9;69,55
"LU";28,92;9
"LU";28,94;13,5333333333333
"LU";28,99;10,1111111111111
"LU";29,1;19,8333333333333
"LU";30;7,75
"LU";31;0,5
"LU";32;19,0333333333333
"LU";32,5;12
"LU";32,9;21,15
"LU";42,2;0,5
"LU";42,91;1
"LU";43;40,8888888888889
"LU";62;1
"LY";20,1;1
"LY";27,12;0,5
"LY";28,9;0,333333333333333
"LY";32,5;0,333333333333333
"MA";10;1,66666666666667
"MA";11;0,0833333333333333
"MA";17;0,333333333333333
"MA";19;0,8
"MA";20,1;7,99285714285714
"MA";20,4;0,0833333333333333
"MA";20,42;0,0833333333333333
"MA";20,6;0,166666666666667
"MA";21;1,25
"MA";23,5;0,166666666666667
"MA";24;1,1
"MA";25,6;0,222222222222222
"MA";26,1;0,722222222222222
"MA";26,2;0,7
"MA";26,3;0,333333333333333
"MA";26,5;1
"MA";26,51;0,5
"MA";26,7;1
"MA";27,1;0,5
"MA";27,12;0,166666666666667
"MA";27,2;1,66666666666667
"MA";27,3;0,666666666666667
"MA";27,33;0,833333333333333
"MA";27,5;1,25
"MA";28,21;1
"MA";28,25;0,25
"MA";28,29;0,333333333333333
"MA";28,4;3,5
"MA";28,9;0,722222222222222
"MA";29,1;2,5
"MA";30;1
"MA";32;3,33333333333333
"MA";32,5;2,16666666666667
"MA";32,9;0,333333333333333
"MA";43;0,166666666666667
"MC";10;1,83333333333333
"MC";13;0,2
"MC";15;5
"MC";17;0,5
"MC";19;0,5
"MC";20,1;3,92222222222222
"MC";20,4;0,422222222222222
"MC";20,42;0,2
"MC";20,5;2,47222222222222
"MC";21;4,83333333333333
"MC";22;6,95833333333333
"MC";23,3;0,125
"MC";23,5;0,75
"MC";24;0,5
"MC";25,7;8
"MC";25,9;1,25
"MC";26,1;2
"MC";26,3;4
"MC";26,5;2,08333333333333
"MC";26,51;2,25
"MC";26,7;1,5
"MC";27,3;0,5
"MC";27,33;0,5
"MC";27,4;0,833333333333333
"MC";27,5;3
"MC";28,1;5,66666666666667
"MC";28,14;0,333333333333333
"MC";28,21;2,5
"MC";28,22;0,5
"MC";28,23;0,5
"MC";28,25;0,5
"MC";28,29;8
"MC";28,3;1,83333333333333
"MC";28,4;4,33333333333333
"MC";28,9;5,75
"MC";28,95;0,5
"MC";28,99;0,2
"MC";29,1;9,33333333333333
"MC";30;4,41666666666667
"MC";32;10,8333333333333
"MC";32,5;14,75
"MC";32,9;7,41666666666667
"MC";42,91;1,5
"MC";43;1
"MD";20,51;1
"MG";20,1;0,0625
"MG";20,4;0,395833333333333
"MG";20,42;0,395833333333333
"MG";21;0,395833333333333
"MG";28,23;0,333333333333333
"ML";26,1;1
"ML";28,94;1
"ML";43;1
"MN";20,1;0,5
"MN";21;0,5
"MN";22;1
"MN";26,4;1
"MN";27,5;1
"MN";28,1;1
"MN";28,29;1
"MN";28,4;2
"MN";32,5;1
"MN";32,9;2
"MO";20,1;0,142857142857143
"MO";27,1;1
"MO";27,5;1
"MO";28,25;0,5
"MO";28,29;0,6
"MO";28,4;1
"MO";28,9;0,1
"MO";30;1
"MR";28,4;1
"MT";28,4;1
"MT";30;1
"MU";16;3
"MU";20,1;0,5
"MU";26,5;1
"MU";26,8;1
"MU";27,5;1
"MU";28,29;1
"MU";29,1;0,5
"MW";28,1;0,5
"MW";29,1;0,5
"MX";10;22,8452380952381
"MX";12;6
"MX";13;6,41666666666667
"MX";14;5
"MX";15;5
"MX";17;9,58333333333333
"MX";18,1;7,16666666666667
"MX";19;28,6666666666667
"MX";20,1;207,465476190476
"MX";20,2;4,09523809523809
"MX";20,3;9,83333333333333
"MX";20,4;11,25
"MX";20,42;0,75
"MX";20,5;19,25
"MX";20,51;4,66666666666667
"MX";20,6;4,11111111111111
"MX";21;102,95119047619
"MX";22;28,7242063492063
"MX";22,2;1,5
"MX";23;4,29166666666667
"MX";23,1;52,25
"MX";23,3;10,2916666666667
"MX";23,42;27,5
"MX";23,5;14
"MX";24;78,0559523809524
"MX";25,1;11,547619047619
"MX";25,2;11,25
"MX";25,4;3,33333333333333
"MX";25,5;2,16666666666667
"MX";25,6;4,33333333333333
"MX";25,7;30,5
"MX";25,9;11
"MX";25,94;6,5
"MX";26,1;13,5714285714286
"MX";26,2;4,175
"MX";26,3;34,05
"MX";26,4;9,41666666666667
"MX";26,5;28,4666666666667
"MX";26,51;12,8833333333333
"MX";26,52;4,25
"MX";26,6;6,33333333333333
"MX";26,7;18,3333333333333
"MX";26,8;2,58333333333333
"MX";27,1;8,5
"MX";27,12;6,5
"MX";27,2;3,5
"MX";27,3;3,08333333333333
"MX";27,33;34,8333333333333
"MX";27,4;6,83333333333333
"MX";27,5;95,8333333333333
"MX";27,9;13,5
"MX";28,1;111,3
"MX";28,11;12,9166666666667
"MX";28,14;14,8333333333333
"MX";28,21;11,6309523809524
"MX";28,22;6
"MX";28,23;28,8333333333333
"MX";28,25;18,547619047619
"MX";28,29;111,130952380952
"MX";28,3;57,3333333333333
"MX";28,4;43,6666666666667
"MX";28,9;198,916666666667
"MX";28,92;4,5
"MX";28,94;18,5277777777778
"MX";28,95;2
"MX";28,99;21,4166666666667
"MX";29,1;98,25
"MX";30;22,1666666666667
"MX";31;71,3333333333333
"MX";32;117,666666666667
"MX";32,5;100,833333333333
"MX";32,9;74,25
"MX";42,2;17,1666666666667
"MX";42,91;10,9166666666667
"MX";43;125,125
"MX";62;0,5
"MY";10;1,25
"MY";11;0,25
"MY";14;0,5
"MY";15;1
"MY";20,1;3,33333333333333
"MY";20,2;1,33333333333333
"MY";20,5;2,33333333333333
"MY";22;3,44444444444444
"MY";22,1;1,33333333333333
"MY";23,3;2,11111111111111
"MY";23,5;0,111111111111111
"MY";25,1;3
"MY";25,2;1
"MY";25,7;0,833333333333333
"MY";25,9;0,5
"MY";25,94;0,333333333333333
"MY";26,1;2,625
"MY";26,3;0,833333333333333
"MY";26,5;2,39583333333333
"MY";26,51;1
"MY";26,7;0,125
"MY";27,33;0,5
"MY";27,4;0,5
"MY";27,5;0,333333333333333
"MY";28,1;4,5
"MY";28,14;1,33333333333333
"MY";28,29;3
"MY";28,3;3
"MY";28,4;0,75
"MY";28,9;9
"MY";28,94;0,5
"MY";29,1;0,0625
"MY";31;2
"MY";32;2
"MY";32,9;1,66666666666667
"MY";43;2
"NC";23,1;1
"NC";24;1
"NC";28,1;1
"NG";12;0,5
"NG";18,1;0,666666666666667
"NG";20,1;5,83333333333333
"NG";21;2
"NG";24;0,5
"NG";25,2;0,583333333333333
"NG";26,5;1
"NG";27,5;0,25
"NG";28,25;0,25
"NG";28,29;0,416666666666667
"NG";28,4;1,2
"NG";28,9;0,5
"NG";28,99;0,25
"NG";32,9;0,5
"NL";10;179,909523809524
"NL";10,5;29,6666666666667
"NL";11;8,75
"NL";12;10,7
"NL";13;39,8734126984127
"NL";14;8,18333333333333
"NL";15;6,58333333333333
"NL";16;4,75
"NL";17;16,3722222222222
"NL";18,1;12,4066666666667
"NL";19;79,1583333333333
"NL";20,1;992,101388888889
"NL";20,2;44,4166666666667
"NL";20,3;57,0263888888889
"NL";20,4;97,2458333333333
"NL";20,42;11,3166666666667
"NL";20,5;69,965873015873
"NL";20,51;12,6166666666667
"NL";20,6;22,5666666666667
"NL";21;522,342261904762
"NL";22;185,940079365079
"NL";22,1;4,83333333333333
"NL";22,2;16,2222222222222
"NL";23;37,8305555555556
"NL";23,1;43,7222222222222
"NL";23,3;37,7916666666667
"NL";23,42;3,66666666666667
"NL";23,5;50,5472222222222
"NL";24;89,8638888888889
"NL";24,46;0,666666666666667
"NL";25,1;26,0083333333333
"NL";25,2;8,65555555555556
"NL";25,3;6,06666666666667
"NL";25,4;11,1666666666667
"NL";25,5;2,83333333333333
"NL";25,6;37,8611111111111
"NL";25,7;143,166666666667
"NL";25,9;26,5
"NL";25,94;4,83333333333333
"NL";26,1;448,404285714286
"NL";26,2;89,2936507936508
"NL";26,3;435,335317460317
"NL";26,4;65,5464285714286
"NL";26,5;293,535317460317
"NL";26,51;67,0083333333333
"NL";26,52;2,53333333333333
"NL";26,6;79,8416666666667
"NL";26,7;107,965
"NL";26,8;13,0733333333333
"NL";27,1;45,25
"NL";27,12;13,875
"NL";27,2;9,16666666666667
"NL";27,3;19,6083333333333
"NL";27,33;152,777777777778
"NL";27,4;33,2083333333333
"NL";27,5;166,353968253968
"NL";27,9;61,7083333333333
"NL";28,1;276,4875
"NL";28,11;16,9166666666667
"NL";28,14;16,5
"NL";28,21;14,8833333333333
"NL";28,22;23,0333333333333
"NL";28,23;331,898333333333
"NL";28,25;52,4
"NL";28,29;491,402579365079
"NL";28,3;264,097222222222
"NL";28,4;260,083333333333
"NL";28,9;631,967261904762
"NL";28,92;15,8888888888889
"NL";28,94;73,9861111111111
"NL";28,95;17,5833333333333
"NL";28,99;67,5595238095238
"NL";29,1;181,7625
"NL";29,3;2,16666666666667
"NL";30;133,111111111111
"NL";31;76,5
"NL";32;222,95
"NL";32,5;231,605555555556
"NL";32,9;242,616666666667
"NL";42,2;6,75
"NL";42,91;37,6166666666667
"NL";43;200,747222222222
"NL";62;3,86666666666667
"NO";10;96,8055555555556
"NO";10,5;5
"NO";11;1
"NO";12;4
"NO";13;18,1666666666667
"NO";14;18,8333333333333
"NO";15;27,1666666666667
"NO";16;19,5
"NO";17;45,4166666666667
"NO";18,1;13,3333333333333
"NO";19;17,8333333333333
"NO";20,1;357,45753968254
"NO";20,2;12,8333333333333
"NO";20,3;24,6666666666667
"NO";20,4;11,35
"NO";20,42;3,85
"NO";20,5;45,9055555555556
"NO";20,51;66,2666666666667
"NO";21;121,869444444444
"NO";22;168,291666666667
"NO";22,1;0,5
"NO";22,2;8,56666666666667
"NO";23;21,825
"NO";23,1;7,19166666666667
"NO";23,3;29,25
"NO";23,42;10,3333333333333
"NO";23,5;54,875
"NO";24;210,504761904762
"NO";25,1;53,7833333333333
"NO";25,2;31,5
"NO";25,3;10,0899470899471
"NO";25,4;68,875
"NO";25,5;9,5
"NO";25,6;4,33333333333333
"NO";25,7;240,75
"NO";25,9;75,0166666666667
"NO";25,94;17,0833333333333
"NO";26,1;31,2916666666667
"NO";26,2;28,2666666666667
"NO";26,3;147,779761904762
"NO";26,4;9,16666666666667
"NO";26,5;298,082142857143
"NO";26,51;57,0964285714286
"NO";26,52;5,75
"NO";26,6;6,6
"NO";26,7;36,2797619047619
"NO";26,8;1
"NO";27,1;23,4
"NO";27,12;22,0833333333333
"NO";27,2;20,4416666666667
"NO";27,3;28,7916666666667
"NO";27,33;153
"NO";27,4;43,4166666666667
"NO";27,5;297,658333333333
"NO";27,9;34,3666666666667
"NO";28,1;387,85
"NO";28,11;33,25
"NO";28,14;30,1
"NO";28,21;37,2
"NO";28,22;119,5
"NO";28,23;117,916666666667
"NO";28,25;113,583333333333
"NO";28,29;430,054761904762
"NO";28,3;664
"NO";28,4;290,310185185185
"NO";28,9;800,090740740741
"NO";28,92;78,5666666666667
"NO";28,94;24
"NO";28,95;19,5833333333333
"NO";28,99;79,8611111111111
"NO";29,1;279,083333333333
"NO";29,3;0,5
"NO";30;698,711111111111
"NO";31;237,416666666667
"NO";32;553,394047619048
"NO";32,5;278,477777777778
"NO";32,9;245,011111111111
"NO";42,2;14,5833333333333
"NO";42,91;290
"NO";43;535,730555555556
"NZ";10;134,266666666667
"NZ";10,5;67,6666666666667
"NZ";11;9,5
"NZ";12;12,5
"NZ";13;11,1666666666667
"NZ";14;9,83333333333333
"NZ";15;17,5
"NZ";16;15,75
"NZ";17;21,4166666666667
"NZ";18,1;12,7833333333333
"NZ";19;31,4166666666667
"NZ";20,1;276,216666666667
"NZ";20,2;79,2333333333333
"NZ";20,3;29
"NZ";20,4;19,6166666666667
"NZ";20,42;2,83333333333333
"NZ";20,5;31,5
"NZ";20,51;7
"NZ";20,6;1,66666666666667
"NZ";21;661,270634920635
"NZ";22;70,3
"NZ";22,2;2,11666666666667
"NZ";23;36,7333333333333
"NZ";23,1;9,16666666666667
"NZ";23,3;14,8666666666667
"NZ";23,42;13,5
"NZ";23,5;12,95
"NZ";24;39,5333333333333
"NZ";25,1;20,8666666666667
"NZ";25,2;9,2
"NZ";25,3;0,333333333333333
"NZ";25,4;7,5
"NZ";25,5;1
"NZ";25,6;1,83333333333333
"NZ";25,7;137,333333333333
"NZ";25,9;74,4166666666667
"NZ";25,94;27,8333333333333
"NZ";26,1;20,2833333333333
"NZ";26,2;21,0888888888889
"NZ";26,3;101,033333333333
"NZ";26,4;11,6666666666667
"NZ";26,5;123,783333333333
"NZ";26,51;23,3333333333333
"NZ";26,52;3,75
"NZ";26,6;3,375
"NZ";26,7;22,2333333333333
"NZ";26,8;0,833333333333333
"NZ";27,1;23,25
"NZ";27,12;7,78333333333333
"NZ";27,2;13,25
"NZ";27,3;14,9166666666667
"NZ";27,33;53,4166666666667
"NZ";27,4;11,7833333333333
"NZ";27,5;187,983333333333
"NZ";27,9;27,2
"NZ";28,1;185,016666666667
"NZ";28,11;13,75
"NZ";28,14;23,8333333333333
"NZ";28,21;7,78333333333333
"NZ";28,22;35,6666666666667
"NZ";28,23;35,65
"NZ";28,25;31,5833333333333
"NZ";28,29;202,342857142857
"NZ";28,3;303,816666666667
"NZ";28,4;170,283333333333
"NZ";28,9;386,837301587302
"NZ";28,92;11,1666666666667
"NZ";28,94;35,3333333333333
"NZ";28,95;3
"NZ";28,99;31,25
"NZ";29,1;195,05
"NZ";30;102,783333333333
"NZ";31;97,75
"NZ";32;208,366666666667
"NZ";32,5;177,552777777778
"NZ";32,9;242,272222222222
"NZ";42,2;10,4166666666667
"NZ";42,91;11,6666666666667
"NZ";43;219,616666666667
"NZ";62;0,533333333333333
"PA";10;1,5
"PA";14;0,5
"PA";15;2
"PA";20,1;8,55833333333333
"PA";20,2;0,725
"PA";20,4;0,225
"PA";20,42;0,225
"PA";21;37,1
"PA";22;1
"PA";23,1;1
"PA";24;0,6
"PA";25,4;2
"PA";25,7;3
"PA";25,9;1,5
"PA";26,1;1,33333333333333
"PA";26,3;1,5
"PA";26,4;1
"PA";26,5;0,5
"PA";26,7;1
"PA";27,3;0,5
"PA";27,33;1
"PA";27,5;2,5
"PA";28,1;4
"PA";28,21;0,1
"PA";28,22;0,333333333333333
"PA";28,29;1,33333333333333
"PA";28,3;0,5
"PA";28,4;5
"PA";28,9;1,33333333333333
"PA";28,94;1
"PA";28,99;0,5
"PA";29,1;1
"PA";30;6,83333333333333
"PA";32;1
"PA";32,5;0,5
"PA";32,9;0,5
"PA";42,91;1
"PA";43;1
"PC";26,3;0,5
"PE";18,1;0,25
"PE";20,1;0,5
"PE";20,4;0,5
"PE";20,42;0,5
"PE";21;1,125
"PE";22;0,75
"PE";22,2;0,75
"PE";23;1,25
"PE";23,1;0,25
"PE";23,42;1
"PE";24;1,5
"PE";25,6;0,5
"PE";25,7;1
"PE";26,3;1
"PE";26,5;1
"PE";27,5;0,5
"PE";28,1;2
"PE";28,23;1,5
"PE";28,3;0,5
"PE";28,9;1,75
"PE";28,94;2
"PE";28,99;0,5
"PE";29,1;2
"PE";30;1
"PE";31;1,5
"PE";32;4
"PE";32,5;3,125
"PE";32,9;1,5
"PE";43;0,5
"PH";10;3,61111111111111
"PH";12;1
"PH";17;1
"PH";19;1
"PH";20,1;2,83333333333333
"PH";20,2;4,28333333333333
"PH";20,4;3
"PH";20,5;0,111111111111111
"PH";21;4,36111111111111
"PH";22;0,333333333333333
"PH";23,3;0,333333333333333
"PH";23,42;2
"PH";23,5;0,333333333333333
"PH";25,4;2
"PH";26,1;0,25
"PH";26,5;0,45
"PH";26,6;2,33333333333333
"PH";27,1;0,5
"PH";27,33;1
"PH";27,4;1
"PH";27,5;2,5
"PH";28,1;4,5
"PH";28,23;1
"PH";28,29;2,83333333333333
"PH";28,3;3
"PH";28,9;2,5
"PH";28,94;2,33333333333333
"PH";28,99;2
"PH";29,1;4,5
"PH";31;1
"PH";32;5
"PH";32,5;1
"PH";32,9;1,5
"PH";42,91;1
"PH";43;1
"PK";11;0,5
"PK";20,1;0,166666666666667
"PK";20,3;0,166666666666667
"PK";21;1
"PK";26,2;0,5
"PK";26,5;0,666666666666667
"PK";27,9;0,5
"PK";28,1;1
"PK";28,23;2,5
"PK";28,94;2
"PK";32,5;1
"PL";10;672,283333333333
"PL";10,5;38,3333333333333
"PL";11;56,3333333333333
"PL";12;38,4166666666667
"PL";13;334,766666666667
"PL";14;16,8333333333333
"PL";15;35,6666666666667
"PL";16;41,45
"PL";17;62,4166666666667
"PL";18,1;27,6666666666667
"PL";19;205,583333333333
"PL";20,1;6148,88095238095
"PL";20,2;140,083333333333
"PL";20,3;330,583333333333
"PL";20,4;263,166666666667
"PL";20,42;1
"PL";20,5;897,65
"PL";20,51;157,916666666667
"PL";20,6;34,8333333333333
"PL";21;1183,575
"PL";22;417,816666666667
"PL";22,1;4,25
"PL";22,2;34,6666666666667
"PL";23;156,116666666667
"PL";23,1;400,983333333333
"PL";23,3;340,533333333333
"PL";23,42;9,83333333333333
"PL";23,5;955,440476190476
"PL";24;1679,59047619048
"PL";24,46;1,41666666666667
"PL";25,1;216,2
"PL";25,2;126,75
"PL";25,3;20
"PL";25,4;95,3333333333333
"PL";25,5;86,9166666666667
"PL";25,6;261,5
"PL";25,7;218,866666666667
"PL";25,9;191,283333333333
"PL";25,94;17,6666666666667
"PL";26,1;1033,59444444444
"PL";26,2;524,27380952381
"PL";26,3;1576,47380952381
"PL";26,4;742,2
"PL";26,5;5147,37857142857
"PL";26,51;1498,425
"PL";26,52;88,8166666666667
"PL";26,6;91,8333333333333
"PL";26,7;219,916666666667
"PL";26,8;61,9166666666667
"PL";27,1;720,083333333333
"PL";27,12;244,4
"PL";27,2;157,727777777778
"PL";27,3;162,227777777778
"PL";27,33;807,95
"PL";27,4;134,666666666667
"PL";27,5;732,716666666667
"PL";27,9;1137,86547619048
"PL";28,1;2930,11666666667
"PL";28,11;175,966666666667
"PL";28,14;10,8333333333333
"PL";28,21;225,233333333333
"PL";28,22;565,283333333333
"PL";28,23;545,75
"PL";28,25;289,666666666667
"PL";28,29;3625,7869047619
"PL";28,3;833,416666666667
"PL";28,4;3884,61666666667
"PL";28,9;5283,23333333333
"PL";28,92;672,583333333333
"PL";28,94;687,15
"PL";28,95;22,5833333333333
"PL";28,99;632,066666666667
"PL";29,1;1670,25833333333
"PL";30;919,666666666667
"PL";31;101,866666666667
"PL";32;699,533333333333
"PL";32,5;854,427777777778
"PL";32,9;305
"PL";42,2;101,833333333333
"PL";42,91;125,166666666667
"PL";43;1239,98333333333
"PR";15;1
"PR";20,1;0,166666666666667
"PR";22;1
"PR";26,3;1
"PR";26,5;0,5
"PR";27,33;1
"PR";28,1;1
"PR";28,9;1,16666666666667
"PR";29,1;1
"PR";31;2
"PR";42,2;0,166666666666667
"PT";10;1
"PT";11;1
"PT";20,1;18,2
"PT";20,2;0,25
"PT";20,3;2,5
"PT";20,4;0,25
"PT";20,42;0,25
"PT";20,5;1
"PT";20,51;2
"PT";21;13,85
"PT";22;3
"PT";23,1;1
"PT";23,3;3
"PT";23,42;1
"PT";23,5;1
"PT";24;2,83333333333333
"PT";25,2;3
"PT";25,6;0,5
"PT";25,7;3
"PT";25,9;2
"PT";26,1;2,36111111111111
"PT";26,3;2,5
"PT";26,4;0,5
"PT";26,5;4,5
"PT";26,6;1
"PT";27,1;0,5
"PT";27,33;1
"PT";27,4;0,5
"PT";27,5;4
"PT";28,1;7,83333333333333
"PT";28,14;1
"PT";28,21;0,5
"PT";28,22;1
"PT";28,23;3,5
"PT";28,25;1
"PT";28,29;2,83333333333333
"PT";28,3;1,83333333333333
"PT";28,4;2,61111111111111
"PT";28,9;10,1111111111111
"PT";28,92;0,5
"PT";28,94;2
"PT";29,1;9
"PT";30;3
"PT";31;2,5
"PT";32;5
"PT";32,5;3,89166666666667
"PT";32,9;14,125
"PT";43;2
"PY";12;1
"PY";18,1;0,5
"PY";26,5;2,7
"PY";26,7;0,5
"PY";28,1;3
"PY";28,23;0,5
"PY";29,1;1
"PY";32,5;1
"PY";32,9;0,5
"QA";30;1
"RH";23,3;0,5
"RH";28,1;1,5
"RH";28,9;1
"RH";43;0,5
"RO";10;385,216666666667
"RO";10,5;8
"RO";11;46,8333333333333
"RO";12;6,5
"RO";13;267,633333333333
"RO";14;12,3333333333333
"RO";15;39,8333333333333
"RO";16;36
"RO";17;46,9166666666667
"RO";18,1;22
"RO";19;94,7833333333333
"RO";20,1;3687,25
"RO";20,2;86,8611111111111
"RO";20,3;235,166666666667
"RO";20,4;130,666666666667
"RO";20,42;30,8333333333333
"RO";20,5;488,966666666667
"RO";20,51;51,8333333333333
"RO";20,6;89,3333333333333
"RO";21;1738,81985294118
"RO";22;196,416666666667
"RO";22,1;7,5
"RO";22,2;19,5
"RO";23;74,5833333333333
"RO";23,1;150,25
"RO";23,3;89,5
"RO";23,42;4
"RO";23,5;328,125
"RO";24;754,867424242424
"RO";24,46;5,5
"RO";25,1;76,1666666666667
"RO";25,2;28,5
"RO";25,3;26
"RO";25,4;56,5
"RO";25,5;51
"RO";25,6;123,1
"RO";25,7;40,5833333333333
"RO";25,9;38,3333333333333
"RO";25,94;3
"RO";26,1;408,733333333333
"RO";26,2;131,166666666667
"RO";26,3;370,7
"RO";26,4;99
"RO";26,5;2001,30416666667
"RO";26,51;406,857142857143
"RO";26,52;10,5
"RO";26,6;46,6666666666667
"RO";26,7;80,5
"RO";26,8;34,6666666666667
"RO";27,1;428,033333333333
"RO";27,12;74,5666666666667
"RO";27,2;50,5
"RO";27,3;93,5
"RO";27,33;330,033333333333
"RO";27,4;29,5
"RO";27,5;177,333333333333
"RO";27,9;407,333333333333
"RO";28,1;1084,36666666667
"RO";28,11;55,6666666666667
"RO";28,14;1
"RO";28,21;48,1666666666667
"RO";28,22;129,666666666667
"RO";28,23;157,4
"RO";28,25;103,166666666667
"RO";28,29;887,166666666667
"RO";28,3;412,733333333333
"RO";28,4;2346,5119047619
"RO";28,9;1573,5
"RO";28,92;60,5
"RO";28,94;429
"RO";28,95;13,8333333333333
"RO";28,99;253,083333333333
"RO";29,1;491,933333333333
"RO";30;221,166666666667
"RO";31;36,3333333333333
"RO";32;224,666666666667
"RO";32,5;562,333333333333
"RO";32,9;135,166666666667
"RO";42,2;17,8333333333333
"RO";42,91;54,8333333333333
"RO";43;315,916666666667
"RO";62;1,5
"RU";10;0,75
"RU";11;0,75
"RU";13;3
"RU";17;2
"RU";19;4
"RU";20,1;114,333333333333
"RU";20,2;1,75
"RU";20,4;0,25
"RU";20,5;7,5
"RU";20,51;1,83333333333333
"RU";20,6;2
"RU";21;42,75
"RU";22;6,21363636363636
"RU";22,2;0,25
"RU";23;1,33333333333333
"RU";23,1;13
"RU";23,3;0,833333333333333
"RU";23,5;8,41666666666667
"RU";24;72,25
"RU";25,1;6,75
"RU";25,2;1,5
"RU";25,3;3,5
"RU";25,4;15
"RU";25,5;2,33333333333333
"RU";25,6;2,5
"RU";26,1;53,5
"RU";26,2;5,33333333333333
"RU";26,3;6,33333333333333
"RU";26,4;1,33333333333333
"RU";26,5;35,1666666666667
"RU";26,51;12,3333333333333
"RU";26,6;11,25
"RU";26,7;3
"RU";27,1;18,75
"RU";27,12;2,5
"RU";27,2;5,25
"RU";27,3;3,75
"RU";27,33;11,75
"RU";27,5;11,8333333333333
"RU";27,9;14,25
"RU";28,1;33,9166666666667
"RU";28,11;6
"RU";28,21;3,33333333333333
"RU";28,23;5,5
"RU";28,25;4
"RU";28,29;42,8333333333333
"RU";28,3;3,5
"RU";28,4;86,8333333333333
"RU";28,9;78
"RU";28,92;2,33333333333333
"RU";28,94;17,8333333333333
"RU";28,99;5,91666666666667
"RU";29,1;10,6666666666667
"RU";30;10,75
"RU";32;4,33333333333333
"RU";32,5;42,5
"RU";32,9;6
"RU";43;2,33333333333333
"RU";62;1
"SA";14;0,533333333333333
"SA";19;1,5
"SA";20,1;7,66666666666667
"SA";20,4;1,25
"SA";20,5;1,25
"SA";20,51;1
"SA";21;1,25
"SA";22;1
"SA";23;0,125
"SA";23,1;0,5
"SA";23,5;0,333333333333333
"SA";24;0,666666666666667
"SA";25,2;0,111111111111111
"SA";25,4;0,333333333333333
"SA";25,6;0,5
"SA";26,1;1,03333333333333
"SA";26,2;0,5
"SA";26,3;1,33333333333333
"SA";26,4;0,166666666666667
"SA";26,5;3,08333333333333
"SA";26,51;1,66666666666667
"SA";26,7;1
"SA";27,5;1,53333333333333
"SA";27,9;1,16666666666667
"SA";28,1;4,86111111111111
"SA";28,11;1
"SA";28,22;0,25
"SA";28,23;0,166666666666667
"SA";28,25;1,03333333333333
"SA";28,29;0,144444444444444
"SA";28,4;4,66666666666667
"SA";28,9;5,575
"SA";28,92;0,166666666666667
"SA";29,1;3,2
"SA";30;1
"SA";31;0,0333333333333333
"SA";32;4,23333333333333
"SA";32,5;4,03333333333333
"SA";32,9;0,5
"SA";42,91;1
"SA";43;2,66666666666667
"SC";12;2,25
"SC";14;0,25
"SC";20,1;7,95833333333333
"SC";20,5;1
"SC";20,51;1,5
"SC";21;9,125
"SC";22;5,75
"SC";22,2;0,25
"SC";23;1
"SC";24;0,333333333333333
"SC";25,4;1
"SC";25,7;0,166666666666667
"SC";26,1;1
"SC";26,2;1,83333333333333
"SC";26,3;6,83333333333333
"SC";26,4;1
"SC";26,5;3
"SC";26,51;2
"SC";26,52;0,333333333333333
"SC";26,7;1
"SC";27,1;0,5
"SC";27,33;1
"SC";27,9;1
"SC";28,1;6,5
"SC";28,22;0,5
"SC";28,23;4
"SC";28,29;1,5
"SC";28,4;0,611111111111111
"SC";28,9;6,06944444444444
"SC";28,94;5,5
"SC";29,1;2,61111111111111
"SC";29,3;0,5
"SC";30;1,5
"SC";32;3
"SC";32,5;1
"SC";32,9;2
"SD";20,1;0,1
"SD";21;0,1
"SE";10;279,536111111111
"SE";10,5;55,0333333333333
"SE";11;17,6583333333333
"SE";12;20,4333333333333
"SE";13;73,1
"SE";14;105,416666666667
"SE";15;67,1666666666667
"SE";16;111,216666666667
"SE";17;508,053174603175
"SE";18,1;50,1916666666667
"SE";19;108,366666666667
"SE";20,1;1277,51583124478
"SE";20,2;68,3166666666667
"SE";20,3;115,831307435255
"SE";20,4;56,6083333333333
"SE";20,42;13,4
"SE";20,5;228,153968253968
"SE";20,51;261,866666666667
"SE";20,6;7,63333333333333
"SE";21;1116,09166666667
"SE";22;471,725355054302
"SE";22,1;0,583333333333333
"SE";22,2;33,15
"SE";23;129,721783625731
"SE";23,1;85,8484126984127
"SE";23,3;190,212301587302
"SE";23,42;53,6666666666667
"SE";23,5;204,137301587302
"SE";24;849,552736006683
"SE";24,46;0,583333333333333
"SE";25,1;229,081746031746
"SE";25,2;113,016666666667
"SE";25,3;177,00291005291
"SE";25,4;441,733333333333
"SE";25,5;133,667857142857
"SE";25,6;38,3666666666667
"SE";25,7;891,133333333333
"SE";25,9;510,791666666667
"SE";25,94;78
"SE";26,1;488,483688387636
"SE";26,2;181,316666666667
"SE";26,3;1010,8
"SE";26,4;89,3138888888889
"SE";26,5;1712,67182539683
"SE";26,51;340,17619047619
"SE";26,52;16,8333333333333
"SE";26,6;134,7
"SE";26,7;280,547222222222
"SE";26,8;12,1666666666667
"SE";27,1;217,167418546366
"SE";27,12;144,398767752715
"SE";27,2;141,019005847953
"SE";27,3;110,891666666667
"SE";27,33;818,522222222222
"SE";27,4;125,5
"SE";27,5;1333,22857142857
"SE";27,9;311,834085213033
"SE";28,1;2173,14896616541
"SE";28,11;240,033333333333
"SE";28,14;127,933333333333
"SE";28,21;138,988888888889
"SE";28,22;479,757894736842
"SE";28,23;562,341666666667
"SE";28,25;670,191666666667
"SE";28,29;3052,63408521303
"SE";28,3;1355,76666666667
"SE";28,4;2503,20723336118
"SE";28,9;3534,06556669451
"SE";28,92;189,430555555556
"SE";28,94;268,3
"SE";28,95;192,108333333333
"SE";28,99;448,786111111111
"SE";29,1;2166,20372807018
"SE";29,3;3,24122807017544
"SE";30;1045,58130743525
"SE";31;575,886904761905
"SE";32;1448,30277777778
"SE";32,5;1994,18055555556
"SE";32,9;1457,31622807018
"SE";42,2;87,9166666666667
"SE";42,91;135,833333333333
"SE";43;1962,81388888889
"SE";62;10,4
"SG";10;0,571428571428571
"SG";12;0,333333333333333
"SG";17;1
"SG";20,1;2,16666666666667
"SG";21;1,4047619047619
"SG";22;2
"SG";22,2;1
"SG";23,42;3
"SG";23,5;0,5
"SG";24;0,361111111111111
"SG";25,4;22,8333333333333
"SG";25,5;0,5
"SG";25,6;1,5
"SG";25,7;2,5
"SG";25,9;0,5
"SG";25,94;1
"SG";26,1;7,31944444444444
"SG";26,2;0,125
"SG";26,3;3,5
"SG";26,4;1
"SG";26,5;4,56666666666667
"SG";26,51;0,5
"SG";26,7;6,33333333333333
"SG";27,1;3,66666666666667
"SG";27,12;0,333333333333333
"SG";27,2;4
"SG";27,33;1,91666666666667
"SG";27,5;4,33333333333333
"SG";27,9;0,5
"SG";28,1;0,5
"SG";28,23;0,75
"SG";28,25;1
"SG";28,29;2,5
"SG";28,3;2
"SG";28,4;4,27777777777778
"SG";28,9;11,5833333333333
"SG";28,92;0,5
"SG";29,1;1
"SG";30;1,83333333333333
"SG";31;1
"SG";32;6,64285714285714
"SG";32,5;3,3
"SG";32,9;3
"SG";43;4,5
"SG";62;0,5
"SI";21;1
"SI";23;0,5
"SI";28,9;1
"SK";20,1;2
"SK";25,9;0,5
"SK";26,4;1
"SK";26,51;1
"SK";28,1;1
"SK";32;1
"SK";32,5;1
"SK";43;1,5
"SL";20,1;0,25
"SL";24;0,25
"SL";25,4;1
"SL";25,5;0,25
"SL";28,4;0,25
"SL";28,9;3
"SM";28,1;1
"SM";28,29;1,5
"SM";28,4;2
"SM";28,9;1
"SM";28,99;0,5
"SM";29,1;3
"SM";31;0,5
"SM";32,9;0,5
"SM";43;3
"SN";20,1;2
"SN";20,2;0,25
"SN";21;0,5
"SN";26,2;1
"SN";28,23;1
"SN";28,3;0,25
"SR";24;0,333333333333333
"ST";10;1,75
"ST";15;2
"ST";17;0,25
"ST";19;0,75
"ST";20,1;24,5833333333333
"ST";20,3;17,25
"ST";20,5;0,25
"ST";20,51;1,5
"ST";21;3,75
"ST";22;4,125
"ST";23;0,5
"ST";23,3;1,5
"ST";23,5;1,75
"ST";24;7,41666666666667
"ST";25,1;0,5
"ST";25,2;1,5
"ST";25,5;1
"ST";25,7;2,75
"ST";25,9;0,25
"ST";25,94;1,75
"ST";26,1;9,66666666666667
"ST";26,3;3,83333333333333
"ST";26,4;0,5
"ST";26,5;40,5416666666667
"ST";26,51;4,83333333333333
"ST";26,52;0,5
"ST";26,6;2
"ST";26,7;0,333333333333333
"ST";27,12;0,166666666666667
"ST";27,2;0,5
"ST";27,3;0,75
"ST";27,33;9,58333333333333
"ST";27,5;4,25
"ST";27,9;0,25
"ST";28,1;13,25
"ST";28,11;3,54166666666667
"ST";28,22;0,5
"ST";28,23;0,5
"ST";28,25;1,5
"ST";28,29;14,9166666666667
"ST";28,3;11,5
"ST";28,4;14,75
"ST";28,9;21,625
"ST";28,92;2
"ST";28,95;3,5
"ST";28,99;1,08333333333333
"ST";29,1;22,3333333333333
"ST";31;0,5
"ST";32;5,5
"ST";32,5;4,83333333333333
"ST";32,9;0,25
"ST";42,91;0,5
"ST";43;13,25
"SU";10;79,4166666666667
"SU";10,5;1,5
"SU";11;21
"SU";13;28,4166666666667
"SU";14;0,5
"SU";15;1,5
"SU";16;2,66666666666667
"SU";17;23,25
"SU";18,1;4,66666666666667
"SU";19;31,8333333333333
"SU";20,1;941,107808857809
"SU";20,2;21,8333333333333
"SU";20,3;21,3333333333333
"SU";20,4;15,1666666666667
"SU";20,42;4,75
"SU";20,5;66,75
"SU";20,51;16,5
"SU";20,6;7,33333333333333
"SU";21;233,054166666667
"SU";22;57,9583333333333
"SU";22,1;4,33333333333333
"SU";22,2;7,30555555555556
"SU";23;11,3333333333333
"SU";23,1;38,1041666666667
"SU";23,3;37,0833333333333
"SU";23,5;107,166666666667
"SU";24;615,433333333333
"SU";24,46;0,5
"SU";25,1;44,2
"SU";25,2;24,3333333333333
"SU";25,3;26,05
"SU";25,4;14,5
"SU";25,5;18,7833333333333
"SU";25,6;20
"SU";25,7;3,33333333333333
"SU";25,9;4,33333333333333
"SU";25,94;1
"SU";26,1;239,133333333333
"SU";26,2;66,3095238095238
"SU";26,3;88,1428571428571
"SU";26,4;30,8666666666667
"SU";26,5;518,564423076923
"SU";26,51;97,2
"SU";26,52;7,08333333333333
"SU";26,6;50,3333333333333
"SU";26,7;37
"SU";26,8;17,0833333333333
"SU";27,1;219,283333333333
"SU";27,12;32,6666666666667
"SU";27,2;58,6666666666667
"SU";27,3;40,9166666666667
"SU";27,33;88,0833333333333
"SU";27,4;10,9166666666667
"SU";27,5;55,5166666666667
"SU";27,9;107,27619047619
"SU";28,1;341,116666666667
"SU";28,11;21,6666666666667
"SU";28,21;53,2
"SU";28,22;17
"SU";28,23;55,2554945054945
"SU";28,25;25,2045454545455
"SU";28,29;406,314285714286
"SU";28,3;110,372161172161
"SU";28,4;834,2
"SU";28,9;702,833333333333
"SU";28,92;58,0833333333333
"SU";28,94;156,5
"SU";28,95;9,75
"SU";28,99;117,083333333333
"SU";29,1;199,016666666667
"SU";30;88,3333333333333
"SU";32;60,5833333333333
"SU";32,5;278,904166666667
"SU";32,9;30,25
"SU";42,2;1
"SU";42,91;14,5
"SU";43;34,6666666666667
"SV";10;2
"SV";20,1;0,333333333333333
"SV";20,2;1
"SV";24;0,5
"SV";26,1;1
"SV";26,5;1,5
"SV";26,51;2
"SV";27,1;0,333333333333333
"SV";27,3;0,333333333333333
"SV";28,1;2
"SV";28,4;1
"SV";28,9;2
"SV";28,94;6
"SV";28,99;0,5
"SV";30;1
"SV";32;1
"SV";32,5;1,5
"SY";10;1
"SY";20,1;0,5
"SY";27,1;1
"SY";28,1;0,5
"SY";28,23;0,333333333333333
"SY";29,3;0,5
"SY";43;1
"SZ";25,6;0,25
"SZ";28,9;0,25
"SZ";29,1;1
"TD";20,1;3,75
"TD";20,2;0,25
"TD";27,2;4
"TD";28,9;2
"TD";30;0,5
"TD";32;0,5
"TH";13;0,333333333333333
"TH";16;1
"TH";19;1
"TH";20,1;1,5
"TH";20,4;0,333333333333333
"TH";20,42;0,333333333333333
"TH";20,5;1
"TH";21;2,7
"TH";22;1
"TH";23,5;1
"TH";25,1;1
"TH";25,6;0,333333333333333
"TH";26,3;7
"TH";27,5;1
"TH";28,1;2,25
"TH";28,23;0,5
"TH";28,29;1
"TH";28,3;0,5
"TH";29,1;0,25
"TH";32;2
"TH";32,5;5
"TH";43;0,5
"TN";10;0,3
"TN";20,1;3,54166666666667
"TN";21;0,375
"TN";22;0,5
"TN";26,1;1
"TN";26,5;0,166666666666667
"TN";26,51;0,416666666666667
"TN";27,9;0,5
"TN";28,1;1
"TN";28,22;1
"TN";28,4;0,5
"TN";28,9;1
"TN";28,99;2,3
"TP";26,3;0,333333333333333
"TR";10;0,5
"TR";12;1,33333333333333
"TR";18,1;0,5
"TR";20,1;5,31666666666667
"TR";20,3;0,0666666666666667
"TR";20,4;0,25
"TR";21;2,56666666666667
"TR";22,1;0,25
"TR";24;0,25
"TR";25,1;1
"TR";25,2;2
"TR";25,6;0,5
"TR";26,1;0,5
"TR";26,2;0,566666666666667
"TR";26,3;7,58333333333333
"TR";26,5;6,03333333333333
"TR";26,52;1
"TR";27,1;1
"TR";27,3;0,566666666666667
"TR";27,33;1,5
"TR";27,5;3
"TR";27,9;2,5
"TR";28,1;3,5
"TR";28,23;0,25
"TR";28,25;1
"TR";28,29;1,66666666666667
"TR";28,9;2,83333333333333
"TR";29,1;1,33333333333333
"TR";32;0,5
"TR";32,5;4,5
"TR";32,9;0,166666666666667
"TR";42,2;0,333333333333333
"TS";32;1
"TT";11;1
"TT";20,1;3,25
"TT";20,2;1,75
"TT";24;0,5
"TT";27,1;0,5
"TT";27,5;0,666666666666667
"TT";28,25;1
"TT";28,3;1
"TT";28,4;0,5
"TT";28,9;2
"TT";30;1
"TW";10;11,6666666666667
"TW";11;0,333333333333333
"TW";12;10,3333333333333
"TW";13;3,7
"TW";14;23,5
"TW";15;32,5
"TW";16;1,5
"TW";17;12,6666666666667
"TW";18,1;6,66666666666667
"TW";19;7,25
"TW";20,1;56,5958333333333
"TW";20,2;2,25
"TW";20,3;1,5
"TW";20,4;1,83333333333333
"TW";20,42;1,33333333333333
"TW";20,5;2,75
"TW";20,51;4
"TW";21;14,5833333333333
"TW";22;46,5
"TW";22,2;1,33333333333333
"TW";23;8,78333333333333
"TW";23,1;2,66666666666667
"TW";23,3;3
"TW";23,42;35
"TW";23,5;3,5
"TW";24;21,6666666666667
"TW";25,1;11,6666666666667
"TW";25,2;7,25
"TW";25,3;3,75
"TW";25,4;11,3333333333333
"TW";25,5;0,333333333333333
"TW";25,6;0,5
"TW";25,7;199
"TW";25,9;16,4166666666667
"TW";25,94;8
"TW";26,1;37,1736111111111
"TW";26,2;29,875
"TW";26,3;101,491666666667
"TW";26,4;8,7
"TW";26,5;53,825
"TW";26,51;33
"TW";26,52;17,95
"TW";26,6;1
"TW";26,7;21,6111111111111
"TW";27,1;30,1666666666667
"TW";27,12;8,66666666666667
"TW";27,2;4,5
"TW";27,3;1,7625
"TW";27,33;124,333333333333
"TW";27,4;52,95
"TW";27,5;188,816666666667
"TW";27,9;25,325
"TW";28,1;151,2
"TW";28,11;19,6166666666667
"TW";28,14;23,8333333333333
"TW";28,21;5,25
"TW";28,22;47,2833333333333
"TW";28,23;76,3541666666667
"TW";28,25;23,3666666666667
"TW";28,29;87,1
"TW";28,3;58,5833333333333
"TW";28,4;248,833333333333
"TW";28,9;105,866666666667
"TW";28,92;2
"TW";28,94;28
"TW";28,99;11
"TW";29,1;162,133333333333
"TW";29,3;2,83333333333333
"TW";30;77
"TW";31;74,6666666666667
"TW";32;449,266666666667
"TW";32,5;130,625
"TW";32,9;100,027777777778
"TW";42,2;14
"TW";42,91;2
"TW";43;49,3333333333333
"TZ";20,1;0,166666666666667
"TZ";20,2;0,416666666666667
"TZ";21;0,416666666666667
"TZ";26,3;0,5
"TZ";28,94;1
"TZ";29,1;0,5
"UA";28,9;0,25
"UG";20,1;1
"UG";27,9;1
"UK";10;0,142857142857143
"UK";12;0,142857142857143
"UK";13;0,25
"UK";20,1;1,14285714285714
"UK";20,4;0,142857142857143
"UK";20,42;0,142857142857143
"UK";21;0,142857142857143
"UK";22;0,25
"UK";23;0,25
"UK";27,5;0,392857142857143
"UK";32,5;1
"US";10;5882,99534030784
"US";10,5;173,95
"US";11;382,617857142857
"US";12;1322,31428571429
"US";13;2819,25797258297
"US";14;1675,84682539683
"US";15;1431,29285714286
"US";16;331,103968253968
"US";17;1777,32896825397
"US";18,1;1651,88531746032
"US";19;6034,61904761905
"US";20,1;60492,6020988247
"US";20,2;3819,08188431938
"US";20,3;3035,34500587132
"US";20,4;3232,37108585859
"US";20,42;1079,76495310245
"US";20,5;5670,95691438191
"US";20,51;2098,87619047619
"US";20,6;653,014814814815
"US";21;34164,8741115366
"US";22;9920,50766820898
"US";22,1;173,783333333333
"US";22,2;685,678174603175
"US";23;2405,01405709787
"US";23,1;3468,68075396825
"US";23,3;669,811111111111
"US";23,42;712,5
"US";23,5;2989,23242063492
"US";24;7453,31580312962
"US";24,46;45,3583333333333
"US";25,1;1511,10297619048
"US";25,2;2024,00079365079
"US";25,3;1693,64285714286
"US";25,4;4236,78333333333
"US";25,5;823,010476190476
"US";25,6;1316,95555555556
"US";25,7;5260,13333333333
"US";25,9;2807,38194444444
"US";25,94;800,1
"US";26,1;25141,8170701959
"US";26,11;14,3611111111111
"US";26,2;11581,9057040182
"US";26,3;27760,1110671736
"US";26,4;5587,02956349206
"US";26,5;31275,1351948052
"US";26,51;7581,64408369408
"US";26,52;995,415909090909
"US";26,6;2335,75952380952
"US";26,7;9089,19795634921
"US";26,8;1558,84160353535
"US";27,1;3978,27141464773
"US";27,12;1557,88874269006
"US";27,2;3361,15330312962
"US";27,3;1834,28833333333
"US";27,33;13761,0619047619
"US";27,4;2488,58773448773
"US";27,5;14664,1960678211
"US";27,9;5681,54112364244
"US";28,1;25840,5235798436
"US";28,11;3589,25912698413
"US";28,14;1144,05952380952
"US";28,21;994,988095238095
"US";28,22;2802,65937761069
"US";28,23;18318,0883297258
"US";28,25;2984,12142857143
"US";28,29;23640,6388805152
"US";28,3;13005,2359487734
"US";28,4;22908,342231701
"US";28,9;37760,6199994888
"US";28,92;1122,4
"US";28,94;4163,91878306878
"US";28,95;551,913492063492
"US";28,99;3858,63985088985
"US";29,1;24907,6142519031
"US";29,3;109,239811066127
"US";30;10818,5259781398
"US";31;6204,79285714286
"US";32;23649,2992063492
"US";32,5;29328,6236471861
"US";32,9;17022,5327439666
"US";42,2;587,833333333333
"US";42,91;974,89041005291
"US";43;7917,63961640212
"US";62;357,244642857143
"UY";10;1
"UY";17;0,666666666666667
"UY";19;0,5
"UY";20,1;0,5
"UY";21;0,142857142857143
"UY";22;1
"UY";25,7;4
"UY";26,3;0,5
"UY";27,5;1
"UY";28,29;1
"UY";28,4;3
"UY";28,9;1
"UY";28,94;2
"UY";29,1;1
"UY";30;1
"UY";32;2,33333333333333
"UY";32,5;3
"UY";43;3
"VA";23;0,5
"VA";28,1;1
"VA";28,9;0,5
"VE";10;1
"VE";12;3
"VE";13;0,5
"VE";15;4,5
"VE";19;43,6285714285714
"VE";20,1;34,2277777777778
"VE";20,2;0,5
"VE";20,3;0,361111111111111
"VE";20,4;0,333333333333333
"VE";20,42;0,333333333333333
"VE";20,5;0,944444444444444
"VE";21;12,0119047619048
"VE";22;1,33333333333333
"VE";23;0,5
"VE";23,3;1
"VE";23,42;2,5
"VE";23,5;1
"VE";24;3
"VE";25,4;9
"VE";25,7;1
"VE";25,9;1,5
"VE";25,94;1
"VE";26,1;1
"VE";26,2;1,83333333333333
"VE";26,3;6,5
"VE";26,4;1
"VE";26,5;11,9583333333333
"VE";26,51;1
"VE";26,7;3,5
"VE";27,33;6,5
"VE";27,5;4,83333333333333
"VE";27,9;1
"VE";28,1;15,375
"VE";28,11;1
"VE";28,14;0,333333333333333
"VE";28,22;1
"VE";28,23;0,833333333333333
"VE";28,25;4
"VE";28,29;13,0833333333333
"VE";28,3;4
"VE";28,4;4,5
"VE";28,9;14
"VE";28,99;1,5
"VE";29,1;15,75
"VE";30;4
"VE";31;1,5
"VE";32;5,33333333333333
"VE";32,5;6,25
"VE";32,9;4
"VE";42,91;2
"VE";43;11,5
"VG";20,1;1
"VG";32;1
"VN";20,1;1
"VN";26,2;1
"VN";26,5;1
"VN";27,33;1
"WS";26,2;0,125
"WS";28,23;0,125
"XA";30;1
"YE";10;0,5
"YE";20,2;0,5
"YU";10;3,5
"YU";11;3
"YU";15;2
"YU";18,1;0,5
"YU";20,1;20,8333333333333
"YU";20,2;1
"YU";20,4;1,5
"YU";20,42;1,5
"YU";20,51;1
"YU";21;34,25
"YU";22;4,33333333333333
"YU";22,2;0,333333333333333
"YU";23;0,333333333333333
"YU";23,1;1,33333333333333
"YU";23,3;1,83333333333333
"YU";23,42;0,5
"YU";23,5;3,16666666666667
"YU";24;2,5
"YU";25,2;1,75
"YU";25,3;0,25
"YU";25,6;0,333333333333333
"YU";25,9;1
"YU";26,1;0,5
"YU";26,2;0,416666666666667
"YU";26,3;7,875
"YU";26,5;12,5333333333333
"YU";26,51;2,33333333333333
"YU";26,6;1,5
"YU";26,7;0,75
"YU";27,1;10,3333333333333
"YU";27,12;1
"YU";27,3;0,333333333333333
"YU";27,33;5,83333333333333
"YU";27,4;0,333333333333333
"YU";27,5;5,33333333333333
"YU";27,9;1,66666666666667
"YU";28,1;15,8333333333333
"YU";28,11;1
"YU";28,22;0,25
"YU";28,23;4,5
"YU";28,25;2,91666666666667
"YU";28,29;5,58333333333333
"YU";28,3;2,5
"YU";28,4;7,33333333333333
"YU";28,9;4,16666666666667
"YU";28,92;3
"YU";28,94;1
"YU";28,99;1,66666666666667
"YU";29,1;9,58333333333333
"YU";30;6
"YU";31;1
"YU";32;9
"YU";32,5;12,3666666666667
"YU";32,9;1,33333333333333
"YU";42,91;0,5
"YU";43;8
"ZA";10;154,866666666667
"ZA";10,5;13,8333333333333
"ZA";11;28,8333333333333
"ZA";12;34,0833333333333
"ZA";13;79,55
"ZA";14;65,35
"ZA";15;77,4166666666667
"ZA";16;10,5833333333333
"ZA";17;78,0833333333333
"ZA";18,1;52,1666666666667
"ZA";19;160,4
"ZA";20,1;1504,43452380952
"ZA";20,2;231,25
"ZA";20,3;61,2666666666667
"ZA";20,4;41,5833333333333
"ZA";20,42;6,4
"ZA";20,5;139,666666666667
"ZA";20,51;148,25
"ZA";20,6;5,08333333333333
"ZA";21;1182,48571428571
"ZA";22;292,842857142857
"ZA";22,1;2,66666666666667
"ZA";22,2;7,28333333333333
"ZA";23;71,6761904761905
"ZA";23,1;52,5928571428571
"ZA";23,3;87,5333333333333
"ZA";23,42;61
"ZA";23,5;113,542857142857
"ZA";24;400,175
"ZA";24,46;1
"ZA";25,1;99,2833333333333
"ZA";25,2;122,205555555556
"ZA";25,3;8,33333333333333
"ZA";25,4;143,666666666667
"ZA";25,5;18,4416666666667
"ZA";25,6;29
"ZA";25,7;392,25
"ZA";25,9;274,466666666667
"ZA";25,94;47
"ZA";26,1;138,2
"ZA";26,2;55,5
"ZA";26,3;257,45
"ZA";26,4;26
"ZA";26,5;337,15
"ZA";26,51;80,1833333333333
"ZA";26,52;8,5
"ZA";26,6;20,4166666666667
"ZA";26,7;55,3666666666667
"ZA";26,8;9,41666666666667
"ZA";27,1;80,6666666666667
"ZA";27,12;60,8611111111111
"ZA";27,2;59,1666666666667
"ZA";27,3;69,4166666666667
"ZA";27,33;435,283333333333
"ZA";27,4;69,3333333333333
"ZA";27,5;670,516666666667
"ZA";27,9;101,444444444444
"ZA";28,1;926,65
"ZA";28,11;47,4166666666667
"ZA";28,14;124,75
"ZA";28,21;42,2555555555556
"ZA";28,22;228,416666666667
"ZA";28,23;105,5
"ZA";28,25;147,45
"ZA";28,29;1280,56388888889
"ZA";28,3;677,583333333333
"ZA";28,4;648,95
"ZA";28,9;1911,425
"ZA";28,92;312,9
"ZA";28,94;67,3333333333333
"ZA";28,95;7,7
"ZA";28,99;289,233333333333
"ZA";29,1;875,477777777778
"ZA";29,3;0,25
"ZA";30;427
"ZA";31;396,366666666667
"ZA";32;926,55
"ZA";32,5;504,85119047619
"ZA";32,9;469,783333333333
"ZA";42,2;57,0333333333333
"ZA";42,91;56,5333333333333
"ZA";43;1212,53333333333
"ZA";62;1,25
"ZR";25,7;1
"ZR";28,23;1
"ZW";10;1
"ZW";12;1
"ZW";16;1
"ZW";20,1;2
"ZW";20,2;0,4
"ZW";20,51;0,5
"ZW";22;1
"ZW";28,1;1
"ZW";28,25;1
"ZW";28,29;3
"ZW";28,4;2
"ZW";28,9;1
"ZW";28,92;1
"ZW";30;0,5
"ZW";43;2
